commit, date, author
c042de3, Fri Mar 9 16:22:13 2018, Jonas Treu
08e7197, Thu Mar 8 16:19:36 2018, Jonas Treu
a426bbe, Wed Mar 7 15:43:02 2018, Jonas Treu
7cd32b4, Fri Mar 2 13:25:08 2018, Niels van Hoor
3788e18, Fri Mar 2 12:18:38 2018, Niels van Hoor
1206293, Fri Feb 23 11:47:58 2018, Niels van Hoor
f32dd1f, Tue Feb 20 13:03:00 2018, Niels van Hoor
5cf9935, Tue Feb 20 13:01:11 2018, Niels van Hoor
03ae78d, Tue Feb 20 09:41:19 2018, Niels van Hoor
8616043, Tue Feb 20 09:32:19 2018, Eelco Lempsink
c110c3b, Mon Feb 19 14:14:33 2018, Onne
aaf80b0, Fri Feb 16 15:38:13 2018, Niels van Hoor
64a7037, Fri Feb 16 15:33:36 2018, Niels van Hoor
454aef4, Fri Feb 16 10:20:27 2018, Eelco Lempsink
5ce33ab, Mon Feb 12 13:20:46 2018, Niels van Hoor
94daa97, Mon Feb 12 13:05:12 2018, Niels van Hoor
a32809d, Mon Feb 12 12:24:54 2018, Niels van Hoor
0590c8c, Thu Feb 1 23:24:17 2018, Niels van Hoor
e210fb1, Thu Feb 1 23:05:19 2018, Niels van Hoor
90d9896, Thu Feb 1 18:47:35 2018, Niels van Hoor
e249eb0, Thu Feb 1 15:34:44 2018, Niels van Hoor
08c3304, Thu Feb 1 11:55:58 2018, Niels van Hoor
2d58487, Thu Feb 1 11:55:42 2018, Niels van Hoor
9f07664, Thu Feb 1 09:47:28 2018, Niels van Hoor
35dd174, Thu Feb 1 09:47:15 2018, Niels van Hoor
8cc82e7, Thu Feb 1 09:18:03 2018, Niels van Hoor
e1711bd, Thu Feb 1 00:08:08 2018, Niels van Hoor
29e1659, Wed Jan 31 23:29:27 2018, Niels van Hoor
0ff94ee, Wed Jan 31 23:19:56 2018, Niels van Hoor
8b1c6f3, Wed Jan 31 22:46:38 2018, Niels van Hoor
77dbf87, Wed Jan 31 22:41:34 2018, Niels van Hoor
23da2bf, Sun Jan 28 01:11:53 2018, Niels van Hoor
0b25219, Fri Jan 26 17:35:28 2018, Niels van Hoor
d9d5ef5, Fri Jan 26 16:34:42 2018, Niels van Hoor
e8c41ca, Fri Jan 26 16:34:28 2018, Niels van Hoor
5d18f8a, Fri Jan 26 16:20:39 2018, Niels van Hoor
8bb17ec, Fri Jan 26 16:19:31 2018, Niels van Hoor
8744c3e, Wed Jan 24 12:12:02 2018, Niels van Hoor
a2342fc, Wed Jan 24 12:11:50 2018, Niels van Hoor
370f5c8, Wed Jan 24 12:11:18 2018, Niels van Hoor
044f470, Wed Jan 24 12:07:05 2018, Niels van Hoor
8df9369, Tue Jan 23 13:39:41 2018, Niels van Hoor
73e3afb, Tue Jan 23 13:26:17 2018, Niels van Hoor
b6af600, Tue Jan 23 13:23:57 2018, Edwin van Rijkom
f6146fa, Mon Jan 22 16:57:11 2018, Niels van Hoor
c3e2c64, Mon Jan 22 16:56:59 2018, Niels van Hoor
97d82c5, Mon Jan 22 16:16:30 2018, Niels van Hoor
7803f03, Mon Jan 22 13:57:39 2018, Niels van Hoor
a15f981, Fri Jan 19 17:38:50 2018, Niels van Hoor
3118f37, Fri Jan 19 16:39:35 2018, Niels van Hoor
5ae3756, Fri Jan 19 16:39:24 2018, Niels van Hoor
3b115bf, Fri Jan 19 13:51:22 2018, Niels van Hoor
d35606e, Fri Jan 19 13:45:08 2018, Niels van Hoor
ee99adf, Fri Jan 19 13:02:30 2018, Niels van Hoor
55a881b, Fri Jan 19 12:29:14 2018, Niels van Hoor
875e2ba, Fri Jan 19 12:15:26 2018, Niels van Hoor
c404ded, Fri Jan 19 12:07:22 2018, Niels van Hoor
37e97cb, Thu Jan 18 15:19:33 2018, Edwin van Rijkom
c40be67, Thu Jan 18 12:51:14 2018, Niels van Hoor
6cdc580, Thu Jan 18 12:06:37 2018, Niels van Hoor
60e5d26, Thu Jan 18 11:40:23 2018, Niels van Hoor
6d165dd, Thu Jan 18 09:58:52 2018, Niels van Hoor
fed1f13, Wed Jan 17 16:56:16 2018, Niels van Hoor
f89a6b9, Wed Jan 17 13:23:55 2018, Niels van Hoor
d19ad1e, Wed Jan 17 12:27:32 2018, Niels van Hoor
cea1e51, Wed Jan 17 10:59:18 2018, Niels van Hoor
ad45c89, Wed Jan 17 10:58:52 2018, Niels van Hoor
6ffdfe9, Wed Jan 17 09:53:15 2018, Niels van Hoor
10af20c, Mon Jan 15 15:16:26 2018, Edwin van Rijkom
d047b30, Wed Jan 17 09:21:32 2018, Niels van Hoor
263476e, Wed Jan 17 09:21:13 2018, Niels van Hoor
75be5e7, Tue Jan 16 23:13:22 2018, Niels van Hoor
43fd2a4, Tue Jan 16 23:12:40 2018, Niels van Hoor
efbc233, Tue Jan 16 17:28:16 2018, Niels van Hoor
e80c465, Tue Jan 16 14:16:21 2018, Niels van Hoor
1aec23d, Tue Jan 16 14:15:50 2018, Niels van Hoor
e3a10c8, Tue Jan 16 12:39:11 2018, Onne
ca62c90, Tue Jan 16 11:01:50 2018, Niels van Hoor
42cc2a3, Mon Jan 15 18:26:31 2018, Niels van Hoor
a0030c0, Mon Jan 15 16:22:43 2018, Niels van Hoor
a909132, Mon Jan 15 14:27:18 2018, Niels van Hoor
07ac667, Mon Jan 15 14:26:59 2018, Niels van Hoor
3413e12, Mon Jan 15 14:22:27 2018, Niels van Hoor
00df8de, Mon Jan 15 14:22:14 2018, Niels van Hoor
d90e148, Mon Jan 15 12:39:26 2018, Niels van Hoor
6fd6c54, Mon Jan 15 12:33:39 2018, Niels van Hoor
939b4df, Mon Jan 15 12:21:22 2018, Niels van Hoor
206fb0e, Thu Dec 21 14:46:04 2017, Niels van Hoor
3d6094a, Tue Dec 19 23:07:35 2017, Niels van Hoor
7173b2d, Tue Dec 19 23:07:17 2017, Niels van Hoor
549b1d0, Tue Dec 19 22:22:35 2017, Niels van Hoor
3575b95, Sun Dec 17 21:37:31 2017, Niels van Hoor
2aa68af, Sun Dec 17 21:37:11 2017, Niels van Hoor
0821535, Wed Dec 13 14:10:56 2017, Niels van Hoor
a557f66, Wed Dec 13 14:10:42 2017, Niels van Hoor
a740c2d, Tue Dec 12 18:12:26 2017, Niels van Hoor
d6fd324, Tue Dec 12 17:02:02 2017, Niels van Hoor
6f33b51, Mon Dec 11 21:12:55 2017, Niels van Hoor
c93bf72, Mon Dec 11 14:18:31 2017, Niels van Hoor
651439b, Fri Dec 8 12:26:06 2017, Niels van Hoor
5fbb70e, Thu Dec 7 15:16:08 2017, Niels van Hoor
6e31668, Thu Dec 7 15:17:53 2017, Niels van Hoor
58d7faf, Fri Nov 17 16:20:40 2017, Niels van Hoor
021b060, Wed Nov 15 23:51:41 2017, Niels van Hoor
a206425, Wed Nov 15 17:38:06 2017, Niels van Hoor
d3ed9ec, Wed Nov 15 17:13:43 2017, Niels van Hoor
4939336, Wed Nov 15 13:48:23 2017, Niels van Hoor
863dc71, Wed Nov 15 12:07:10 2017, Niels van Hoor
f5a45ee, Wed Nov 15 11:34:28 2017, Niels van Hoor
8d833db, Wed Nov 15 10:28:16 2017, Niels van Hoor
613c07b, Wed Nov 15 10:27:50 2017, Niels van Hoor
d1ffabc, Wed Nov 8 12:40:42 2017, Niels van Hoor
9dd8b13, Wed Nov 8 11:36:59 2017, Niels van Hoor
76769d6, Wed Nov 8 11:11:04 2017, Niels van Hoor
b0ada03, Wed Nov 8 10:16:47 2017, Niels van Hoor
87660fa, Tue Nov 7 17:13:49 2017, Niels van Hoor
56878c5, Tue Nov 7 14:03:36 2017, Niels van Hoor
a4be0ab, Tue Nov 7 13:59:00 2017, Niels van Hoor
7252e66, Tue Nov 7 12:28:52 2017, Niels van Hoor
a03d1f7, Mon Nov 6 16:30:24 2017, Niels van Hoor
f622504, Sat Nov 4 22:07:07 2017, Niels van Hoor
7a25c71, Sat Nov 4 21:16:05 2017, Niels van Hoor
2e42846, Sat Nov 4 21:03:13 2017, Niels van Hoor
088eddd, Sat Nov 4 20:11:11 2017, Niels van Hoor
aa5e733, Sat Nov 4 20:02:05 2017, Niels van Hoor
4a61eae, Sat Nov 4 18:13:40 2017, Niels van Hoor
44d206b, Sat Nov 4 17:26:20 2017, Niels van Hoor
04e95d1, Sat Nov 4 15:01:26 2017, Niels van Hoor
975adc6, Sat Nov 4 14:14:30 2017, Niels van Hoor
0f34f5c, Fri Oct 27 15:58:47 2017, Niels van Hoor
54e9bcb, Fri Oct 20 13:51:48 2017, Niels van Hoor
4af09bc, Thu Oct 19 14:19:50 2017, Niels van Hoor
91579c4, Thu Oct 19 14:10:17 2017, Niels van Hoor
bac4ce9, Mon Oct 9 10:44:22 2017, Niels van Hoor
0524216, Mon Oct 9 09:00:51 2017, Niels van Hoor
b274bf2, Tue Oct 3 15:07:46 2017, Niels van Hoor
e5c0723, Mon Oct 2 13:32:43 2017, Niels van Hoor
2a91ec1, Mon Oct 2 11:43:47 2017, Niels van Hoor
f057af6, Thu Sep 28 15:59:32 2017, Niels van Hoor
6e1d21b, Thu Sep 28 12:48:05 2017, Niels van Hoor
86e248f, Thu Sep 28 12:45:09 2017, Niels van Hoor
df8942c, Thu Sep 28 12:44:30 2017, Niels van Hoor
790e32e, Thu Sep 28 11:33:03 2017, Eelco Lempsink
a61783d, Tue Sep 19 14:11:22 2017, Niels van Hoor
266f591, Mon Sep 18 17:53:43 2017, Niels van Hoor
f14b32f, Mon Sep 18 16:28:25 2017, Niels van Hoor
7f67e44, Mon Sep 18 10:59:14 2017, Niels van Hoor
a3b0c61, Mon Sep 18 10:34:53 2017, Niels van Hoor
a32d208, Mon Sep 18 10:04:56 2017, Niels van Hoor
70e3606, Wed Sep 13 16:56:00 2017, Niels van Hoor
adda6dd, Wed Sep 13 16:13:06 2017, Niels van Hoor
5b6867b, Wed Sep 13 11:52:14 2017, Eelco Lempsink
670822c, Tue Sep 12 11:47:22 2017, Niels van Hoor
16ca97e, Mon Sep 11 23:25:30 2017, Eelco Lempsink
5745d60, Mon Sep 11 12:12:47 2017, Eelco Lempsink
9f0dc99, Fri Sep 8 09:17:43 2017, Niels van Hoor
e399eba, Fri Sep 8 09:17:28 2017, Niels van Hoor
98a128c, Fri Sep 8 09:03:01 2017, Niels van Hoor
53fd1ee, Fri Sep 8 09:02:18 2017, Niels van Hoor
7845534, Fri Sep 8 09:01:52 2017, Niels van Hoor
9d9f59d, Fri Sep 8 08:24:28 2017, Niels van Hoor
48e7b78, Thu Sep 7 18:42:20 2017, Niels van Hoor
865771b, Thu Sep 7 18:28:29 2017, Niels van Hoor
3ec195f, Thu Sep 7 18:27:27 2017, Niels van Hoor
d0a2b52, Tue Sep 5 14:33:56 2017, Niels van Hoor
ac2d0b2, Tue Sep 5 14:18:53 2017, Niels van Hoor
7994d36, Tue Sep 5 12:28:17 2017, Niels van Hoor
242f61d, Tue Sep 5 11:50:03 2017, Niels van Hoor
fa5ddfa, Fri Sep 1 11:21:38 2017, Niels van Hoor
e982caf, Fri Sep 1 10:21:58 2017, Niels van Hoor
4fdc139, Tue Aug 29 16:07:45 2017, Koen Bok
0c8e7c2, Tue Aug 29 15:18:55 2017, Koen Bok
e0abfdf, Tue Aug 29 13:52:24 2017, Onne Gorte
76592c1, Tue Aug 29 13:49:51 2017, Koen Bok
1d564f1, Thu Aug 24 14:12:16 2017, Niels van Hoor
d526e51, Thu Aug 24 13:02:48 2017, Niels van Hoor
a9c2efe, Wed Aug 23 13:11:23 2017, Niels van Hoor
ee120e5, Thu Jul 27 12:16:28 2017, Onne Gorte
b6b792c, Thu Jul 27 11:51:19 2017, Onne Gorte
25a34cf, Thu Jul 27 08:46:01 2017, Onne Gorte
6bc3024, Thu Jul 27 08:25:49 2017, Onne Gorte
f75a057, Mon Jul 24 17:02:14 2017, Jonas Treu
fcf05a7, Mon Jul 24 17:01:49 2017, Jonas Treu
76ca229, Mon Jul 24 17:01:24 2017, Jonas Treu
d231231, Mon Jul 24 11:29:59 2017, Jonas Treu
bb2ef14, Mon Jul 24 11:13:46 2017, Jonas Treu
369b1c8, Sat Jul 22 01:12:11 2017, Niels van Hoor
32df3a8, Fri Jul 21 16:11:21 2017, Niels van Hoor
212874c, Fri Jul 21 16:11:08 2017, Niels van Hoor
72ed711, Fri Jul 21 13:33:04 2017, Niels van Hoor
b39ecb6, Fri Jul 21 13:32:51 2017, Niels van Hoor
364ccbf, Fri Jul 21 12:06:19 2017, Niels van Hoor
9ab9796, Fri Jul 21 10:09:01 2017, Niels van Hoor
4059d42, Fri Jul 21 11:18:30 2017, Niels van Hoor
60c2b63, Fri Jul 21 10:47:00 2017, Niels van Hoor
37d64cf, Fri Jul 21 09:22:45 2017, Niels van Hoor
f1e64b9, Thu Jul 20 19:59:08 2017, Niels van Hoor
6c82841, Thu Jul 20 19:54:44 2017, Niels van Hoor
4198d50, Thu Jul 20 17:09:14 2017, Niels van Hoor
a30cfcb, Wed Jul 19 16:32:27 2017, Niels van Hoor
eac82f2, Wed Jul 19 15:11:59 2017, Niels van Hoor
9f17f49, Wed Jul 19 10:08:58 2017, Niels van Hoor
0343ada, Wed Jul 19 10:08:42 2017, Niels van Hoor
eb512c2, Mon Jul 17 18:31:05 2017, Niels van Hoor
bac9d60, Mon Jul 17 18:15:07 2017, Niels van Hoor
962b105, Mon Jul 17 15:18:51 2017, Niels van Hoor
9fe65a5, Fri Jul 14 15:42:40 2017, Niels van Hoor
32da80b, Fri Jul 14 15:42:31 2017, Niels van Hoor
60674ee, Fri Jul 14 13:21:32 2017, Niels van Hoor
026c816, Thu Jul 13 19:30:51 2017, Niels van Hoor
da39dc3, Thu Jul 13 16:13:36 2017, Niels van Hoor
fc6bd36, Thu Jul 13 16:03:37 2017, Niels van Hoor
3c5bbb6, Thu Jul 13 15:54:33 2017, Niels van Hoor
c7d4cda, Thu Jul 13 14:43:16 2017, Niels van Hoor
6229106, Thu Jul 13 14:39:49 2017, Niels van Hoor
7f807e6, Wed Jul 12 14:12:24 2017, Niels van Hoor
9e9ce72, Wed Jul 12 11:43:39 2017, Niels van Hoor
b0ae258, Wed Jul 12 11:42:46 2017, Niels van Hoor
0697f93, Tue Jul 11 22:22:37 2017, Niels van Hoor
4ce455d, Tue Jul 11 17:41:08 2017, Niels van Hoor
b1cb2ca, Tue Jul 11 15:57:46 2017, Jonas Treu
687d7c2, Fri Jul 7 17:05:06 2017, Niels van Hoor
1cb646c, Fri Jul 7 15:38:14 2017, Niels van Hoor
5317cbc, Thu Jul 6 14:30:48 2017, Eelco Lempsink
e1e8316, Thu Jul 6 13:29:28 2017, Eelco Lempsink
6e48e05, Thu Jul 6 11:29:24 2017, Jonas Treu
b3764ff, Wed Jul 5 10:23:51 2017, Eelco Lempsink
3430da7, Fri Jun 30 11:48:52 2017, Eelco Lempsink
635adc9, Thu Jun 29 16:25:35 2017, Jonas Treu
dee606e, Thu Jun 29 16:21:26 2017, Jonas Treu
338f840, Thu Jun 29 16:20:31 2017, Jonas Treu
cfa6db3, Wed Jun 28 18:18:17 2017, Eelco Lempsink
272bb60, Wed Jun 28 12:35:01 2017, Jonas Treu
ae0b628, Wed Jun 28 05:26:16 2017, Eelco Lempsink
0d40d08, Tue Jun 27 14:06:46 2017, Jonas Treu
5b4c3bc, Tue Jun 27 13:50:53 2017, Jonas Treu
8e73cb1, Tue Jun 27 13:46:57 2017, Jonas Treu
16e23b2, Tue Jun 27 11:29:44 2017, Jonas Treu
a23f50d, Tue Jun 20 16:40:23 2017, Eelco Lempsink
7aacaa8, Tue Jun 20 16:38:59 2017, Eelco Lempsink
6d4efa6, Tue Jun 20 14:37:03 2017, Eelco Lempsink
f32e84e, Tue Jun 13 16:47:36 2017, Jonas Treu
9e3aeda, Tue Jun 13 16:39:01 2017, Jonas Treu
8df882d, Tue Jun 13 13:20:08 2017, Jonas Treu
34d048e, Mon Jun 12 22:36:48 2017, Jonas Treu
e65f583, Mon Jun 12 16:57:22 2017, Jonas Treu
714bc24, Mon Jun 12 16:54:50 2017, Jonas Treu
bfaf154, Mon Jun 12 16:33:01 2017, Jonas Treu
7cea533, Mon Jun 12 16:06:24 2017, Jonas Treu
cc7d5b1, Mon Jun 12 13:59:33 2017, Jonas Treu
289e98b, Mon Jun 12 13:38:01 2017, Jonas Treu
3fb7b5d, Mon Jun 12 11:56:50 2017, Jonas Treu
266546d, Mon Jun 12 11:56:19 2017, Jonas Treu
e42c966, Wed Jun 28 17:24:09 2017, Niels van Hoor
eaca3b9, Wed Jun 28 17:23:23 2017, Niels van Hoor
8c43ee2, Wed Jun 28 17:22:09 2017, Niels van Hoor
4db0275, Wed Jun 28 17:21:30 2017, Niels van Hoor
950b059, Sat Jun 24 17:22:04 2017, Eelco Lempsink
fd7851c, Thu Jun 22 13:45:44 2017, Onne Gorte
ec9817d, Fri Jun 16 12:22:03 2017, Eelco Lempsink
280d7df, Thu Jun 15 11:49:07 2017, Niels van Hoor
8ca7f3c, Thu Jun 15 11:49:00 2017, Niels van Hoor
76f4f25, Thu Apr 27 14:05:59 2017, Marc Krenn
dc0728f, Thu Jun 15 10:46:05 2017, Niels van Hoor
86844fd, Thu Jun 15 10:41:46 2017, Eelco Lempsink
0c93b70, Thu Jun 15 10:07:14 2017, Niels van Hoor
582d861, Wed Jun 14 17:00:22 2017, Niels van Hoor
67e7f9e, Mon Jun 12 18:10:38 2017, Eelco Lempsink
e5f8f39, Mon Jun 12 17:58:51 2017, Eelco Lempsink
580846c, Fri Jun 9 16:58:36 2017, Niels van Hoor
c9450ed, Fri Jun 9 14:27:35 2017, Niels van Hoor
d511624, Wed Jun 7 14:25:06 2017, Eelco Lempsink
7b8793e, Fri Jun 2 10:59:56 2017, Eelco Lempsink
f52c855, Wed May 31 17:08:25 2017, Jurre Houtkamp
0ee68bd, Wed May 31 15:27:31 2017, Niels van Hoor
2c2404c, Wed Apr 26 16:55:20 2017, Jurre Houtkamp
812dda3, Wed Apr 26 14:29:54 2017, Niels van Hoor
cc24de1, Tue Apr 25 19:10:50 2017, Niels van Hoor
d083f4e, Tue Apr 25 15:25:50 2017, Koen Bok
ce38df8, Tue Apr 25 15:20:58 2017, Koen Bok
2aedf22, Tue Apr 25 15:13:29 2017, Koen Bok
bce05cc, Mon Apr 24 11:36:11 2017, Niels van Hoor
63333cf, Fri Apr 21 11:21:24 2017, Eelco Lempsink
fc5f1f0, Thu Apr 20 17:20:06 2017, Eelco Lempsink
2979f9b, Tue Apr 18 13:49:54 2017, Edwin van Rijkom
376bc04, Sun Apr 16 13:45:28 2017, Niels van Hoor
b9956e9, Sun Apr 16 13:07:02 2017, Niels van Hoor
1e0c2ce, Wed Apr 12 18:40:52 2017, Niels van Hoor
17d75f7, Thu Mar 30 17:19:19 2017, Edwin van Rijkom
c80ec3b, Thu Mar 30 13:07:58 2017, Koen Bok
a4c59b4, Wed Mar 29 22:05:33 2017, Niels van Hoor
f506fc0, Tue Mar 28 11:30:57 2017, Eelco Lempsink
413c18d, Fri Mar 24 14:51:23 2017, Niels van Hoor
4428af1, Fri Mar 24 10:54:57 2017, Niels van Hoor
095e0ba, Fri Mar 24 08:50:42 2017, Niels van Hoor
7ab0a55, Fri Mar 24 08:50:04 2017, Niels van Hoor
f71bb1c, Thu Mar 23 17:22:20 2017, Niels van Hoor
f989af9, Thu Mar 23 14:40:07 2017, Niels van Hoor
e5a244c, Thu Mar 23 14:23:34 2017, Niels van Hoor
ee976ab, Thu Mar 23 14:23:12 2017, Niels van Hoor
cd53f5d, Thu Mar 23 14:22:47 2017, Niels van Hoor
ed66ccb, Thu Mar 23 14:18:57 2017, Niels van Hoor
1f2524b, Wed Mar 22 20:25:18 2017, Niels van Hoor
6ddff8f, Wed Mar 22 20:25:01 2017, Niels van Hoor
570aa20, Wed Mar 22 17:11:12 2017, Niels van Hoor
1c7d70d, Wed Mar 22 17:10:41 2017, Niels van Hoor
af1246a, Wed Mar 22 15:45:49 2017, Benjamin
cdfc21c, Mon Mar 20 15:45:47 2017, Niels van Hoor
6e1ae6a, Mon Mar 20 15:45:33 2017, Niels van Hoor
8b3d89a, Mon Mar 20 11:48:40 2017, Niels van Hoor
d778b25, Sat Mar 11 11:34:09 2017, Koen Bok
4c68120, Sat Mar 11 11:26:52 2017, Koen Bok
8774421, Fri Mar 10 17:06:32 2017, Niels van Hoor
9bc528c, Fri Mar 10 16:36:18 2017, Koen Bok
475253a, Fri Mar 10 15:59:50 2017, Niels van Hoor
fc55495, Thu Mar 9 18:11:30 2017, Niels van Hoor
31c72c4, Thu Mar 9 17:22:06 2017, Niels van Hoor
4c3321f, Thu Mar 9 17:06:42 2017, Niels van Hoor
3ee7a06, Thu Mar 9 17:05:09 2017, Niels van Hoor
6281e9b, Wed Mar 8 14:22:13 2017, Benjamin den Boe
2cad79b, Wed Mar 8 10:34:50 2017, Niels van Hoor
44cef0d, Tue Mar 7 16:33:52 2017, Benjamin den Boe
d247967, Tue Mar 7 16:29:17 2017, Benjamin den Boe
e6fb645, Tue Mar 7 16:25:03 2017, Benjamin den Boe
b9be679, Tue Mar 7 16:17:33 2017, Benjamin den Boe
3778d6e, Tue Mar 7 15:57:12 2017, Benjamin den Boe
4408f89, Tue Mar 7 15:45:10 2017, Benjamin den Boe
db7aea1, Tue Mar 7 00:06:02 2017, Niels van Hoor
9223f5c, Fri Mar 3 15:50:44 2017, Benjamin den Boe
6d64ea9, Thu Mar 2 13:55:25 2017, Benjamin den Boe
82f1159, Thu Mar 2 11:05:00 2017, Benjamin den Boe
b9bddcb, Tue Feb 28 12:29:54 2017, Koen Bok
6d899a4, Tue Feb 28 12:29:28 2017, Koen Bok
73f35e5, Tue Feb 28 12:28:48 2017, Koen Bok
66eb6d4, Wed Feb 22 12:08:13 2017, Niels van Hoor
8db1dc8, Fri Feb 17 11:51:38 2017, Niels van Hoor
9d08997, Fri Feb 17 11:51:24 2017, Niels van Hoor
6d8bc7e, Wed Feb 15 16:49:27 2017, Niels van Hoor
eb38604, Wed Feb 15 16:34:07 2017, Niels van Hoor
e1ddd6f, Wed Feb 15 16:15:06 2017, Niels van Hoor
31c303b, Wed Feb 15 16:13:03 2017, Niels van Hoor
2f2e5d3, Wed Feb 15 16:11:42 2017, Niels van Hoor
0b17a69, Mon Feb 13 16:49:01 2017, Niels van Hoor
5814544, Sat Feb 11 00:20:04 2017, Niels van Hoor
d50c3f8, Fri Feb 10 23:41:42 2017, Niels van Hoor
ad9fa7e, Tue Jan 24 10:03:01 2017, Niels van Hoor
f4db660, Thu Jan 19 12:02:23 2017, Eelco Lempsink
f3a1c68, Mon Jan 2 10:58:53 2017, Onne
3821f65, Fri Dec 23 14:21:05 2016, Eelco Lempsink
386a97a, Fri Dec 23 13:31:45 2016, Niels van Hoor
97a28ce, Thu Dec 15 16:16:05 2016, Niels van Hoor
876ed67, Thu Dec 15 16:10:08 2016, Niels van Hoor
ecb4b1c, Thu Dec 15 16:09:29 2016, Niels van Hoor
cc7f6c8, Thu Dec 15 16:08:58 2016, Niels van Hoor
d8c976d, Thu Dec 15 13:51:08 2016, Niels van Hoor
8efe84b, Thu Dec 8 13:14:41 2016, Eelco Lempsink
957efc8, Thu Dec 8 12:19:06 2016, Eelco Lempsink
e9d7ba1, Thu Dec 1 17:06:50 2016, Koen Bok
239131b, Thu Dec 1 17:04:12 2016, Koen Bok
e10cdbb, Thu Dec 1 15:01:55 2016, Koen Bok
f1ee215, Thu Dec 1 14:18:25 2016, Koen Bok
73363ec, Thu Dec 1 14:15:10 2016, Koen Bok
30bfb04, Thu Dec 1 14:08:20 2016, Koen Bok
49f4ce1, Thu Dec 1 12:30:26 2016, Koen Bok
c97d630, Thu Dec 1 11:54:35 2016, Koen Bok
367de0b, Thu Dec 1 11:16:00 2016, Eelco Lempsink
a65ffb2, Wed Nov 30 23:44:26 2016, Koen Bok
13e72ba, Wed Nov 30 23:29:15 2016, Koen Bok
0894861, Wed Nov 30 17:26:06 2016, Koen Bok
93705be, Wed Nov 30 16:02:50 2016, Koen Bok
8276a2f, Wed Nov 30 15:27:04 2016, Koen Bok
0de5c81, Wed Nov 30 15:26:28 2016, Koen Bok
f7330d4, Wed Nov 30 15:21:09 2016, Koen Bok
5b5fa2f, Wed Nov 30 14:30:43 2016, Koen Bok
64e9597, Mon Nov 28 15:32:52 2016, Koen Bok
9eeeb09, Fri Nov 25 10:53:02 2016, Onne Gorte
13d5193, Thu Nov 24 12:40:29 2016, Onne Gorte
1b11b42, Thu Nov 24 17:56:59 2016, Niels van Hoor
2ddfe04, Thu Nov 24 17:56:44 2016, Niels van Hoor
31b9b31, Wed Nov 23 18:17:59 2016, Niels van Hoor
b6fbac8, Wed Nov 23 17:27:11 2016, Niels van Hoor
50b9e61, Wed Nov 23 17:26:43 2016, Niels van Hoor
f2d6d77, Tue Nov 22 20:46:07 2016, Eelco Lempsink
26d9511, Tue Nov 22 17:59:10 2016, Eelco Lempsink
9d8b135, Tue Nov 22 09:50:16 2016, Eelco Lempsink
f8391b4, Tue Nov 22 09:49:25 2016, Eelco Lempsink
6c4df14, Tue Nov 22 09:47:23 2016, Eelco Lempsink
1cb21a3, Wed Nov 16 11:33:54 2016, Koen Bok
9d86e5d, Tue Nov 8 16:09:43 2016, Koen Bok
416640c, Tue Nov 8 16:03:28 2016, Koen Bok
5901216, Tue Nov 8 15:21:59 2016, Koen Bok
56a6d73, Tue Nov 8 15:21:52 2016, Koen Bok
7de77b6, Tue Nov 8 15:21:16 2016, Koen Bok
ebdd729, Mon Nov 7 17:25:16 2016, Niels van Hoor
8284723, Mon Nov 7 11:59:38 2016, Niels van Hoor
95260da, Mon Nov 7 09:37:25 2016, Niels van Hoor
cfadfd6, Fri Nov 4 14:43:14 2016, Niels van Hoor
a7c60c6, Fri Nov 4 14:42:04 2016, Niels van Hoor
8477984, Thu Nov 3 15:12:32 2016, Niels van Hoor
a4e959e, Wed Nov 2 11:00:50 2016, Niels van Hoor
92c9d75, Wed Nov 2 10:44:40 2016, Niels van Hoor
64cf695, Wed Nov 2 10:41:29 2016, Niels van Hoor
7c96f4e, Wed Nov 2 10:31:56 2016, Niels van Hoor
14420bf, Wed Nov 2 09:26:50 2016, Niels van Hoor
03eaa69, Wed Nov 2 09:23:14 2016, Niels van Hoor
3fcd7c7, Wed Nov 2 09:19:29 2016, Niels van Hoor
248073d, Thu Oct 27 18:13:57 2016, Niels van Hoor
ff34779, Thu Oct 27 18:13:47 2016, Niels van Hoor
bdd0656, Thu Oct 27 18:13:27 2016, Niels van Hoor
8b67479, Wed Oct 19 12:57:18 2016, Niels van Hoor
fb240f0, Mon Oct 17 15:22:34 2016, Niels van Hoor
578bb81, Mon Oct 17 15:22:10 2016, Niels van Hoor
7638378, Mon Oct 17 14:38:04 2016, Niels van Hoor
4cef118, Mon Oct 17 14:27:53 2016, Niels van Hoor
ae20dc7, Wed Oct 12 18:49:38 2016, Niels van Hoor
13eae19, Wed Oct 12 00:27:48 2016, Niels van Hoor
8753f2a, Tue Oct 11 15:44:48 2016, Niels van Hoor
a8d00eb, Tue Oct 11 15:39:34 2016, Niels van Hoor
61c5401, Mon Oct 10 13:25:06 2016, Eelco Lempsink
81ca90f, Mon Oct 10 12:15:10 2016, Niels van Hoor
27d0b00, Mon Oct 10 12:12:21 2016, Niels van Hoor
641be2d, Mon Oct 10 11:05:26 2016, Niels van Hoor
8027175, Mon Oct 10 11:02:26 2016, Niels van Hoor
6384ea9, Sat Oct 8 14:57:29 2016, Niels van Hoor
4af7e9a, Fri Oct 7 17:40:29 2016, Niels van Hoor
35513f1, Fri Oct 7 17:40:05 2016, Niels van Hoor
a9e75d4, Fri Oct 7 17:39:21 2016, Niels van Hoor
705546c, Fri Oct 7 17:38:59 2016, Niels van Hoor
24d1b38, Fri Oct 7 17:37:58 2016, Niels van Hoor
9f8be26, Fri Oct 7 16:15:02 2016, Niels van Hoor
bed29aa, Thu Oct 6 22:10:42 2016, Niels van Hoor
f2f00ea, Thu Oct 6 22:07:40 2016, Niels van Hoor
137767c, Thu Oct 6 19:07:52 2016, Niels van Hoor
16a1777, Thu Oct 6 18:35:27 2016, Niels van Hoor
e5584ac, Thu Oct 6 15:10:08 2016, Niels van Hoor
554908c, Thu Oct 6 14:24:09 2016, Niels van Hoor
6e5b932, Thu Oct 6 08:24:02 2016, Niels van Hoor
1f18a6c, Wed Oct 5 08:54:55 2016, Niels van Hoor
2a7ad6c, Tue Oct 4 14:26:23 2016, Niels van Hoor
ea73dcd, Tue Oct 4 00:37:10 2016, Niels van Hoor
a9c5455, Tue Oct 4 00:34:19 2016, Niels van Hoor
32000eb, Mon Oct 3 17:01:07 2016, Niels van Hoor
c8f66f3, Mon Oct 3 14:29:59 2016, Niels van Hoor
8695f71, Mon Oct 3 13:46:11 2016, Niels van Hoor
69cc7a6, Fri Sep 30 10:49:08 2016, Niels van Hoor
26585ca, Fri Sep 30 10:42:41 2016, Niels van Hoor
5e2efb4, Fri Sep 30 10:01:13 2016, Eelco Lempsink
47bbd9c, Fri Sep 30 09:03:00 2016, Niels van Hoor
db56e33, Fri Sep 30 09:02:26 2016, Niels van Hoor
7e06984, Fri Sep 30 09:02:10 2016, Niels van Hoor
f027d89, Fri Sep 30 09:02:00 2016, Niels van Hoor
28ebf17, Fri Sep 30 09:01:21 2016, Niels van Hoor
2f6e520, Thu Sep 29 22:23:55 2016, Niels van Hoor
e339750, Thu Sep 29 16:27:48 2016, Eelco Lempsink
9b99341, Thu Sep 29 14:31:37 2016, Eelco Lempsink
ae6d992, Thu Sep 29 13:55:24 2016, Eelco Lempsink
b8fbf27, Wed Sep 28 23:06:18 2016, Niels van Hoor
aefab7c, Thu Sep 22 09:41:28 2016, Niels van Hoor
3bf7734, Thu Sep 22 09:40:41 2016, Niels van Hoor
2b07047, Thu Sep 22 09:40:22 2016, Niels van Hoor
348fe2a, Wed Sep 21 17:37:57 2016, Niels van Hoor
6c8224f, Wed Sep 28 22:38:56 2016, Niels van Hoor
37245c3, Wed Sep 28 11:11:47 2016, Eelco Lempsink
6c5600f, Wed Sep 28 00:19:56 2016, Niels van Hoor
038d633, Wed Sep 28 00:19:34 2016, Niels van Hoor
062f912, Tue Sep 27 16:06:07 2016, Eelco Lempsink
d254681, Tue Sep 27 13:47:34 2016, Niels van Hoor
3220f92, Tue Sep 27 10:38:53 2016, Niels van Hoor
ec784c9, Mon Sep 26 21:53:34 2016, Eelco Lempsink
4b9442d, Mon Sep 26 15:47:46 2016, Eelco Lempsink
1955a99, Mon Sep 26 15:44:12 2016, Eelco Lempsink
20ae075, Mon Sep 26 15:00:35 2016, Koen Bok
48cfcef, Mon Sep 26 14:39:17 2016, Koen Bok
9b6ae19, Mon Sep 26 14:36:08 2016, Koen Bok
03675e7, Mon Sep 26 14:31:37 2016, Koen Bok
3a113df, Mon Sep 26 09:57:37 2016, Niels van Hoor
99f0882, Wed Sep 21 13:49:35 2016, Koen Bok
8d9f4ea, Wed Sep 21 13:27:27 2016, Koen Bok
5b3372d, Fri Sep 16 17:46:34 2016, Koen Bok
23a313a, Thu Sep 15 15:36:54 2016, Niels van Hoor
cd057d1, Thu Sep 15 13:45:18 2016, Niels van Hoor
aedf25d, Thu Sep 15 13:26:52 2016, Niels van Hoor
cd5cbfa, Thu Sep 15 11:05:32 2016, Niels van Hoor
0970fe9, Thu Sep 15 11:03:46 2016, Niels van Hoor
0b599de, Thu Sep 15 11:03:21 2016, Niels van Hoor
15f8ce3, Thu Sep 15 11:01:38 2016, Niels van Hoor
7e30a0f, Thu Sep 15 10:28:33 2016, Niels van Hoor
6c644c5, Thu Sep 15 10:28:05 2016, Niels van Hoor
eac0aa8, Wed Sep 14 17:25:19 2016, Niels van Hoor
32ac81b, Wed Sep 14 17:25:10 2016, Niels van Hoor
8d510b0, Wed Sep 14 17:24:55 2016, Niels van Hoor
cc93537, Wed Sep 14 17:24:40 2016, Niels van Hoor
ec88f94, Wed Sep 14 17:23:21 2016, Niels van Hoor
8c0992e, Wed Sep 14 14:32:08 2016, Niels van Hoor
07040f2, Wed Sep 14 14:17:50 2016, Niels van Hoor
40b20be, Wed Sep 14 14:17:26 2016, Niels van Hoor
6c3e0ca, Wed Sep 14 14:17:11 2016, Niels van Hoor
d80347c, Wed Sep 14 13:46:14 2016, Niels van Hoor
cbd8339, Wed Sep 14 13:25:14 2016, Niels van Hoor
38a56ff, Wed Sep 14 10:05:42 2016, Niels van Hoor
fab4a97, Wed Sep 14 08:58:59 2016, Niels van Hoor
4500db2, Tue Sep 13 21:08:17 2016, Niels van Hoor
f79eafd, Tue Sep 13 21:08:01 2016, Niels van Hoor
86c4fa9, Tue Sep 13 18:18:10 2016, Niels van Hoor
209fec6, Tue Sep 13 18:15:52 2016, Niels van Hoor
44253ef, Tue Sep 13 18:15:20 2016, Niels van Hoor
b94edd2, Mon Sep 12 12:30:43 2016, Niels van Hoor
81120f0, Mon Sep 12 12:30:02 2016, Niels van Hoor
5f9fd64, Mon Sep 12 12:29:49 2016, Niels van Hoor
9e65920, Mon Sep 12 12:29:05 2016, Niels van Hoor
f777e28, Mon Sep 12 11:43:41 2016, Niels van Hoor
cb4555c, Wed Aug 17 14:50:02 2016, Niels van Hoor
afbff06, Wed Aug 17 14:49:40 2016, Niels van Hoor
f8e4c6b, Tue Aug 16 11:15:20 2016, Niels van Hoor
080d69b, Tue Aug 16 10:59:53 2016, Niels van Hoor
24a3a06, Tue Aug 16 10:59:35 2016, Niels van Hoor
ed0057e, Tue Aug 16 10:53:08 2016, Niels van Hoor
d5a82c2, Tue Aug 16 10:52:50 2016, Niels van Hoor
f9d6ef3, Mon Aug 1 21:31:27 2016, Niels van Hoor
e6df5eb, Mon Aug 1 21:30:55 2016, Niels van Hoor
4936620, Sun Jul 31 17:55:49 2016, Niels van Hoor
c8c0361, Sun Jul 31 17:55:17 2016, Niels van Hoor
be9f7c9, Sun Jul 31 17:54:25 2016, Niels van Hoor
5c3b369, Sun Jul 31 17:54:01 2016, Niels van Hoor
7e36874, Sun Jul 31 17:53:32 2016, Niels van Hoor
4511a7a, Tue Jul 26 17:25:45 2016, Niels van Hoor
68fc9ba, Tue Jul 26 17:14:40 2016, Niels van Hoor
7179178, Tue Jul 26 17:14:23 2016, Niels van Hoor
3d868d0, Tue Jul 26 16:55:03 2016, Niels van Hoor
7b96385, Tue Jul 26 16:22:22 2016, Niels van Hoor
dd49a2e, Tue Jul 26 16:22:05 2016, Niels van Hoor
16a3107, Tue Jul 26 15:58:39 2016, Niels van Hoor
d74291b, Tue Jul 26 15:20:10 2016, Niels van Hoor
5ee2864, Tue Jul 26 15:20:02 2016, Niels van Hoor
862b33b, Tue Jul 26 15:19:47 2016, Niels van Hoor
b29eddc, Tue Jul 26 15:19:34 2016, Niels van Hoor
9cf7b44, Tue Jul 26 15:18:42 2016, Niels van Hoor
1cb9455, Tue Jul 26 15:18:15 2016, Niels van Hoor
2922fd8, Tue Jul 26 15:18:09 2016, Niels van Hoor
358a3f5, Tue Jul 26 15:17:59 2016, Niels van Hoor
1fc72b8, Tue Jul 26 15:17:40 2016, Niels van Hoor
b0b408e, Tue Jul 26 15:17:25 2016, Niels van Hoor
5b8ca53, Tue Jul 26 15:16:45 2016, Niels van Hoor
6c25ab8, Tue Jul 26 15:16:05 2016, Niels van Hoor
2d8e0d3, Tue Jul 26 15:15:36 2016, Niels van Hoor
a96fa22, Fri Jul 22 16:44:29 2016, Niels van Hoor
44b09ae, Fri Jul 22 16:44:21 2016, Niels van Hoor
66801fc, Fri Jul 22 16:40:53 2016, Niels van Hoor
1047b37, Fri Jul 22 16:36:41 2016, Niels van Hoor
3249596, Fri Jul 22 16:36:28 2016, Niels van Hoor
16ed3bd, Fri Jul 22 16:35:31 2016, Niels van Hoor
7835f82, Fri Jul 22 16:27:50 2016, Niels van Hoor
6d8b172, Fri Jul 22 16:26:06 2016, Niels van Hoor
e9a76d2, Fri Jul 22 16:25:23 2016, Niels van Hoor
4864241, Fri Jul 22 16:25:00 2016, Niels van Hoor
a7367a7, Wed Sep 14 14:53:12 2016, Koen Bok
dc920bd, Wed Sep 14 09:05:59 2016, Eelco Lempsink
cd149e4, Fri Sep 9 14:04:20 2016, J.P.P Treu
e96125a, Fri Sep 9 11:16:33 2016, J.P.P Treu
cfa63d5, Fri Sep 9 11:08:56 2016, J.P.P Treu
ab13543, Wed Sep 7 13:48:43 2016, J.P.P Treu
2de07a1, Wed Sep 7 13:46:37 2016, J.P.P Treu
a5e37a1, Tue Sep 6 11:41:24 2016, Benjamin den Boe
ef8aefc, Mon Sep 5 18:36:03 2016, J.P.P Treu
ebf58d2, Mon Sep 5 18:31:11 2016, J.P.P Treu
11296da, Mon Sep 5 12:06:10 2016, Benjamin den Boe
94ccc04, Sat Sep 3 12:53:19 2016, Jonas Treu
f183c8c, Fri Sep 2 15:22:31 2016, Eelco Lempsink
6f3fa61, Fri Sep 2 15:17:28 2016, Eelco Lempsink
0d422ff, Fri Sep 2 10:41:30 2016, Eelco Lempsink
d5c63b3, Tue Aug 30 16:58:42 2016, Eelco Lempsink
dca9008, Tue Aug 30 07:43:42 2016, Niels van Hoor
bfb8543, Mon Aug 29 10:50:39 2016, J.P.P Treu
5093eed, Mon Aug 29 10:20:13 2016, Koen Bok
f87b3ab, Thu Aug 25 15:20:04 2016, Eelco Lempsink
7687398, Wed Aug 24 16:19:47 2016, Jonas Treu
8488d33, Tue Aug 23 10:46:07 2016, Koen Bok
a33d1be, Tue Aug 23 10:45:28 2016, Koen Bok
852cfe5, Mon Aug 15 09:29:56 2016, Koen Bok
694b407, Fri Aug 12 15:07:39 2016, Eelco Lempsink
83a0477, Fri Aug 12 14:30:06 2016, Eelco Lempsink
b5b4642, Fri Aug 12 14:29:31 2016, Eelco Lempsink
7d48128, Thu Aug 4 17:38:06 2016, Koen Bok
7f842d9, Thu Aug 4 16:25:17 2016, Floris Verloop
2e96fb6, Thu Aug 4 15:02:54 2016, Floris Verloop
778a01b, Thu Aug 4 14:39:51 2016, Koen Bok
c8f1ade, Thu Aug 4 14:09:40 2016, Floris Verloop
fc80069, Thu Aug 4 10:25:18 2016, Koen Bok
31a7bf9, Wed Aug 3 23:21:34 2016, Koen Bok
b69ac08, Wed Aug 3 22:00:09 2016, Koen Bok
b2763d2, Wed Aug 3 20:05:51 2016, Koen Bok
ca3afd5, Wed Aug 3 17:55:27 2016, Floris Verloop
248f2f8, Wed Aug 3 16:12:16 2016, Floris Verloop
293816d, Wed Aug 3 15:30:56 2016, Floris Verloop
6870ecb, Wed Aug 3 15:20:55 2016, Floris Verloop
030be1f, Wed Aug 3 15:05:55 2016, Floris Verloop
db95db3, Wed Aug 3 14:49:03 2016, Niels van Hoor
2cb1e4a, Wed Aug 3 14:45:13 2016, Niels van Hoor
c29cbc1, Wed Aug 3 12:16:08 2016, Floris Verloop
eb31c27, Wed Aug 3 12:12:21 2016, Floris Verloop
781cc50, Wed Aug 3 12:01:15 2016, Floris Verloop
d34658d, Wed Aug 3 11:54:56 2016, Koen Bok
daa910b, Wed Aug 3 11:54:45 2016, Floris Verloop
440e75b, Wed Aug 3 11:41:01 2016, Floris Verloop
f11ff0e, Wed Aug 3 10:46:07 2016, Floris Verloop
dd76064, Tue Aug 2 17:20:08 2016, Floris Verloop
4a17b7c, Tue Aug 2 17:15:26 2016, Floris Verloop
297edea, Tue Aug 2 17:08:40 2016, Floris Verloop
4b6d92a, Tue Aug 2 16:36:05 2016, Koen Bok
acaa7d4, Tue Aug 2 16:27:38 2016, Niels van Hoor
dc847a4, Tue Aug 2 16:09:30 2016, Niels van Hoor
2a84e68, Tue Aug 2 15:42:59 2016, Koen Bok
f75ec6a, Tue Aug 2 14:57:55 2016, Floris Verloop
4773f8f, Tue Aug 2 14:38:38 2016, Niels van Hoor
52ee4d8, Tue Aug 2 14:35:20 2016, Niels van Hoor
5297f1f, Tue Aug 2 14:32:52 2016, Niels van Hoor
5d1fcb4, Tue Aug 2 14:32:37 2016, Koen Bok
fd32c4c, Tue Aug 2 14:21:09 2016, Niels van Hoor
bb2ad29, Tue Aug 2 14:15:44 2016, Koen Bok
1280168, Tue Aug 2 14:14:18 2016, Koen Bok
37893f6, Mon Aug 1 16:52:23 2016, Koen Bok
2b75dd9, Mon Aug 1 16:49:10 2016, Koen Bok
15027e5, Mon Aug 1 23:38:58 2016, Niels van Hoor
ca22880, Mon Aug 1 21:59:41 2016, Niels van Hoor
6e9d16c, Mon Aug 1 21:53:13 2016, Niels van Hoor
5ee40e2, Mon Aug 1 20:50:32 2016, Koen Bok
9cf0155, Mon Aug 1 20:49:32 2016, Koen Bok
582615b, Mon Aug 1 18:16:52 2016, Niels van Hoor
364e1a2, Mon Aug 1 16:40:35 2016, Niels van Hoor
61d6312, Mon Aug 1 16:21:17 2016, Niels van Hoor
d6b4b03, Mon Aug 1 15:57:22 2016, Jonas Treu
d1b04b4, Mon Aug 1 15:30:22 2016, Niels van Hoor
36e778e, Mon Aug 1 13:24:57 2016, Koen Bok
0598f10, Sat Jul 30 12:22:32 2016, J.P.P Treu
d346edc, Fri Jul 29 17:51:41 2016, Eelco Lempsink
bc1237c, Fri Jul 29 17:31:54 2016, Eelco Lempsink
f7736fe, Fri Jul 29 17:18:09 2016, Eelco Lempsink
ef12b68, Fri Jul 29 15:12:50 2016, Eelco Lempsink
0398085, Fri Jul 29 14:56:50 2016, Eelco Lempsink
a44cf99, Fri Jul 29 13:49:33 2016, Eelco Lempsink
d86e1ec, Fri Jul 29 11:01:12 2016, Eelco Lempsink
39bf120, Thu Jul 28 23:27:54 2016, Eelco Lempsink
9ff1da3, Thu Jul 28 23:07:37 2016, Eelco Lempsink
a75ebf1, Thu Jul 28 23:03:38 2016, Eelco Lempsink
d5604c3, Thu Jul 28 16:57:42 2016, Eelco Lempsink
4daa11b, Thu Jul 28 16:53:56 2016, Koen Bok
04a5d8c, Thu Jul 28 16:49:00 2016, Eelco Lempsink
0d9f714, Thu Jul 28 16:39:41 2016, Eelco Lempsink
77fee3e, Thu Jul 28 16:21:35 2016, Eelco Lempsink
616019b, Thu Jul 28 16:11:53 2016, Eelco Lempsink
59d1622, Thu Jul 28 16:08:52 2016, Eelco Lempsink
f3cfea6, Thu Jul 28 15:08:37 2016, Koen Bok
b9e8d14, Thu Jul 28 14:36:54 2016, Eelco Lempsink
046b50e, Thu Jul 28 14:04:03 2016, Eelco Lempsink
1bb9b56, Thu Jul 28 12:33:37 2016, Koen Bok
cc13ef9, Thu Jul 28 11:42:22 2016, Koen Bok
d071ba4, Thu Jul 28 11:39:07 2016, Koen Bok
27d8ed3, Thu Jul 28 11:23:27 2016, J.P.P Treu
418b162, Thu Jul 28 11:17:34 2016, J.P.P Treu
ada2943, Thu Jul 28 09:48:40 2016, Eelco Lempsink
8463a44, Wed Jul 27 20:57:30 2016, Koen Bok
27d2d35, Wed Jul 27 17:42:22 2016, Koen Bok
f74b3cb, Wed Jul 27 13:35:41 2016, Jonas Treu
85b6df4, Wed Jul 27 12:23:47 2016, Koen Bok
58aeab5, Wed Jul 27 12:23:33 2016, Koen Bok
0b12542, Wed Jul 27 09:19:08 2016, Eelco Lempsink
a56c591, Mon Jul 25 16:40:54 2016, Eelco Lempsink
c9a02f5, Mon Jul 25 16:12:03 2016, Koen Bok
c997102, Mon Jul 25 16:07:33 2016, Koen Bok
f0f7e2d, Mon Jul 25 15:21:56 2016, Eelco Lempsink
a545058, Mon Jul 25 15:21:23 2016, Eelco Lempsink
cf7b2b7, Mon Jul 25 15:21:00 2016, Eelco Lempsink
955f744, Mon Jul 25 15:12:17 2016, Eelco Lempsink
193f74c, Mon Jul 25 14:19:34 2016, Koen Bok
ecb9956, Mon Jul 25 14:19:20 2016, Koen Bok
b5515a3, Mon Jul 25 14:18:23 2016, Koen Bok
5199601, Mon Jul 25 13:27:33 2016, Eelco Lempsink
5c3994f, Fri Jul 22 16:45:39 2016, Niels van Hoor
67ae9bd, Thu Jul 21 19:22:52 2016, Koen Bok
2416d2f, Wed Jul 20 17:25:37 2016, Niels van Hoor
e9e49d6, Wed Jul 20 15:19:49 2016, Niels van Hoor
066e6d8, Wed Jul 20 15:00:27 2016, Niels van Hoor
fe056b0, Wed Jul 20 14:50:26 2016, Niels van Hoor
de39148, Wed Jul 20 14:41:11 2016, J.P.P Treu
a252925, Wed Jul 20 14:30:22 2016, J.P.P Treu
7143e64, Tue Jul 19 10:35:01 2016, Koen Bok
997b336, Mon Jul 18 09:23:12 2016, Niels van Hoor
a303c80, Fri Jul 15 14:41:07 2016, Koen Bok
5714727, Fri Jul 15 11:57:59 2016, Niels van Hoor
1141772, Fri Jul 15 11:56:13 2016, Koen Bok
c13d10a, Fri Jul 15 11:47:03 2016, Koen Bok
621479a, Tue Jul 5 16:53:52 2016, Niels van Hoor
db93886, Mon Jul 4 17:23:45 2016, Koen Bok
6af1b8d, Mon Jul 4 15:20:08 2016, Eelco Lempsink
ff8a671, Thu Jun 30 18:14:41 2016, Niels van Hoor
6d9790d, Thu Jun 30 18:14:16 2016, Niels van Hoor
b032241, Thu Jun 30 13:14:17 2016, Eelco Lempsink
340612e, Thu Jun 30 14:04:42 2016, Koen Bok
adf5b33, Thu Jun 30 08:35:47 2016, Eelco Lempsink
d6e849a, Tue Jun 28 15:12:10 2016, Eelco Lempsink
f93ae7f, Tue Jun 28 14:25:05 2016, Jonas Treu
0dff457, Mon Jun 27 10:25:20 2016, Eelco Lempsink
4fb83cf, Mon Jun 27 10:16:31 2016, Eelco Lempsink
a81f32f, Mon Jun 27 10:09:10 2016, Eelco Lempsink
a7a6de0, Mon Jun 27 09:53:20 2016, Eelco Lempsink
99980ec, Mon Jun 27 09:27:07 2016, Eelco Lempsink
f254db6, Thu Jun 23 13:39:55 2016, Niels van Hoor
ab0f21b, Fri Jun 10 14:08:47 2016, Eelco Lempsink
72fb2a8, Fri Jun 10 01:17:24 2016, Eelco Lempsink
926ac01, Fri Jun 10 01:13:09 2016, Eelco Lempsink
b36dbd6, Fri Jun 10 00:21:35 2016, Eelco Lempsink
2cc6935, Thu Jun 9 10:43:42 2016, Koen Bok
c48360d, Wed Jun 1 14:40:00 2016, Koen Bok
5cc7331, Wed Jun 1 14:27:58 2016, Koen Bok
f508b18, Tue May 31 23:01:52 2016, Eelco Lempsink
b9c33da, Sun May 29 00:48:08 2016, Koen Bok
a52a360, Sun May 29 00:30:46 2016, Koen Bok
c28c450, Sun May 29 00:17:06 2016, Koen Bok
3fba050, Sun May 29 00:16:58 2016, Koen Bok
08297a9, Sun May 29 00:11:00 2016, Koen Bok
1608171, Sun May 29 00:05:46 2016, Koen Bok
b7021df, Sun May 1 13:21:29 2016, Koen Bok
7c9e47e, Sat Apr 30 23:43:29 2016, Koen Bok
fffa5bc, Sat Apr 30 23:43:07 2016, Koen Bok
d6cb31e, Tue May 17 17:09:13 2016, Eelco Lempsink
d88e2f3, Tue May 17 13:36:51 2016, Eelco Lempsink
edf7c5c, Mon May 16 15:05:49 2016, Koen Bok
e24a5bc, Mon May 16 15:02:14 2016, Koen Bok
b33e4ec, Mon May 16 14:57:53 2016, Koen Bok
417ae11, Sat May 14 13:32:48 2016, Koen Bok
4adc7fa, Sat May 14 13:32:42 2016, Koen Bok
3aa1421, Sat May 14 13:32:32 2016, Koen Bok
e0ce1dc, Fri May 13 23:54:36 2016, Koen Bok
b4c7079, Fri May 13 23:40:24 2016, Koen Bok
d903cd5, Fri May 13 23:39:50 2016, Koen Bok
64b09bb, Thu May 12 10:28:11 2016, Koen Bok
2848823, Wed May 11 15:22:12 2016, Koen Bok
3d7e40f, Wed May 11 15:19:51 2016, Eelco Lempsink
decc0c0, Wed May 11 13:32:35 2016, Koen Bok
6e06e20, Wed May 11 13:15:04 2016, Koen Bok
0430a7a, Wed May 11 13:14:56 2016, Koen Bok
9c7c945, Wed May 11 13:14:46 2016, Koen Bok
b5013f8, Wed May 11 13:14:17 2016, Koen Bok
358bf74, Wed May 11 13:13:50 2016, Koen Bok
51ebe97, Wed May 11 13:13:33 2016, Koen Bok
9e60469, Wed May 11 13:13:12 2016, Koen Bok
937b088, Tue May 10 20:59:50 2016, Koen Bok
d85c0fa, Tue May 10 20:50:49 2016, Koen Bok
7d32c8d, Tue May 10 17:38:37 2016, Koen Bok
ea52737, Tue May 10 17:25:43 2016, Koen Bok
9bc5c0e, Tue May 10 17:23:14 2016, Koen Bok
02643eb, Tue May 10 12:06:15 2016, Koen Bok
9070903, Tue May 10 12:06:08 2016, Koen Bok
528a1cc, Tue May 10 11:16:41 2016, Koen Bok
8ce9687, Sat May 7 16:57:40 2016, Eelco Lempsink
d80a019, Fri May 6 11:50:18 2016, Eelco Lempsink
0e4aac0, Fri May 6 10:11:08 2016, Eelco Lempsink
94e779d, Tue May 3 15:22:30 2016, Koen Bok
908bfd0, Tue May 3 15:21:13 2016, Koen Bok
03ec3a8, Mon May 2 00:30:30 2016, Koen Bok
a699ef8, Mon May 2 00:15:05 2016, Koen Bok
9091c1a, Mon May 2 00:07:18 2016, Koen Bok
9fabdcd, Sun May 1 23:47:25 2016, Koen Bok
ed45094, Sun May 1 23:47:08 2016, Koen Bok
4854bad, Sun May 1 23:45:27 2016, Koen Bok
9900f3d, Sun May 1 23:45:07 2016, Koen Bok
9862387, Sun May 1 23:42:56 2016, Koen Bok
ebafc7e, Sun May 1 23:42:33 2016, Koen Bok
29857bb, Sun May 1 23:41:48 2016, Koen Bok
1ec226d, Sun May 1 23:40:17 2016, Koen Bok
289740d, Sun May 1 18:05:08 2016, Koen Bok
e0f6509, Sun May 1 13:22:06 2016, Koen Bok
1dbda74, Sun May 1 13:21:29 2016, Koen Bok
5b548b4, Sun May 1 17:27:42 2016, Koen Bok
445b074, Sun May 1 17:17:56 2016, Koen Bok
b85d82c, Sat Apr 30 23:43:07 2016, Koen Bok
d59ba69, Sat Apr 30 23:43:29 2016, Koen Bok
ae6df89, Sat Apr 30 23:08:57 2016, Koen Bok
ff8eb4d, Sat Apr 30 23:08:40 2016, Koen Bok
645653b, Sat Apr 30 22:07:59 2016, Koen Bok
4cf5611, Fri Apr 29 15:57:39 2016, Koen Bok
1a6bb08, Fri Apr 29 15:57:29 2016, Koen Bok
9a116e2, Fri Apr 29 15:55:18 2016, Koen Bok
519bbfa, Wed Apr 27 22:25:23 2016, Koen Bok
996220d, Tue Apr 26 11:11:33 2016, Niels van Hoor
b12a41f, Tue Apr 26 11:11:15 2016, Niels van Hoor
7ab7e4e, Sat Apr 23 20:30:55 2016, Koen Bok
b0ed473, Wed Apr 20 14:06:29 2016, Eelco Lempsink
c1d403f, Tue Apr 19 14:07:29 2016, Koen Bok
dc4d622, Thu Apr 14 13:45:10 2016, Niels van Hoor
bd79c54, Tue Apr 12 17:03:55 2016, Koen Bok
e32a426, Tue Apr 12 13:20:07 2016, Niels van Hoor
04ee164, Tue Apr 12 11:45:41 2016, Niels van Hoor
7aefc85, Mon Apr 11 21:23:18 2016, Koen Bok
01e2794, Mon Apr 11 20:50:20 2016, Koen Bok
c526d80, Mon Apr 11 20:49:52 2016, Koen Bok
51ede8f, Sat Apr 9 14:49:09 2016, Koen Bok
ca477ed, Sat Apr 9 14:02:04 2016, Koen Bok
a9f4263, Sat Apr 9 13:41:26 2016, Koen Bok
0e405b4, Sat Apr 9 13:35:53 2016, Koen Bok
320b6dc, Sat Apr 9 13:30:25 2016, Koen Bok
c849544, Sat Apr 9 13:08:03 2016, Koen Bok
925b0c4, Sat Apr 9 01:24:23 2016, Koen Bok
56aef8f, Fri Apr 8 15:10:29 2016, Koen Bok
10d6ed2, Fri Apr 8 15:06:50 2016, Koen Bok
24fa7ed, Tue Apr 5 22:01:26 2016, Koen Bok
6e5fe80, Mon Apr 4 15:56:52 2016, Koen Bok
5c1930f, Thu Mar 31 22:31:32 2016, Koen Bok
0c1d135, Thu Mar 24 23:15:50 2016, Koen Bok
4e762bf, Thu Mar 24 23:07:14 2016, Koen Bok
f4c7b16, Thu Mar 24 22:50:22 2016, Koen Bok
084b0bc, Thu Mar 24 16:12:48 2016, Koen Bok
e7246ec, Thu Mar 24 11:58:20 2016, Koen Bok
25f28a7, Tue Mar 22 15:18:16 2016, Koen Bok
3722567, Mon Mar 21 15:56:10 2016, J.P.P Treu
a85d1df, Sat Mar 19 01:42:20 2016, J.P.P Treu
489695d, Sat Mar 19 01:15:25 2016, J.P.P Treu
42e6aa4, Sat Mar 19 01:05:00 2016, J.P.P Treu
9ea07a4, Thu Mar 17 14:17:51 2016, J.P.P Treu
b1064fc, Thu Mar 17 14:14:43 2016, J.P.P Treu
636c0e5, Tue Mar 15 15:05:18 2016, J.P.P Treu
0f82601, Tue Mar 15 14:57:50 2016, J.P.P Treu
75c0dc2, Tue Mar 15 10:43:02 2016, J.P.P Treu
b961fbf, Mon Mar 14 16:50:01 2016, J.P.P Treu
949e6b3, Mon Mar 14 16:10:15 2016, J.P.P Treu
cd8bd60, Thu Mar 10 17:39:02 2016, J.P.P Treu
35a1e52, Tue Mar 1 17:59:20 2016, Koen Bok
f1cc5ca, Tue Mar 1 15:17:44 2016, Koen Bok
dd2301c, Tue Mar 1 13:21:51 2016, Koen Bok
460cf79, Mon Feb 29 16:04:42 2016, Koen Bok
32b26ed, Thu Feb 25 13:13:03 2016, J.P.P Treu
04f59b5, Thu Feb 25 13:02:23 2016, J.P.P Treu
233ad6d, Wed Feb 24 00:49:46 2016, Koen Bok
4f9f713, Tue Feb 23 13:28:51 2016, J.P.P Treu
13042bc, Tue Feb 23 10:50:45 2016, J.P.P Treu
b28335d, Thu Feb 18 16:51:53 2016, J.P.P Treu
9f41c24, Wed Feb 17 16:58:15 2016, Koen Bok
b7039f5, Wed Feb 17 16:43:09 2016, Koen Bok
195bc4d, Wed Feb 17 16:30:32 2016, J.P.P Treu
5c72995, Wed Feb 17 14:28:03 2016, Floris Verloop
e2e7852, Wed Feb 17 12:18:35 2016, Koen Bok
700cb8e, Wed Feb 17 12:17:58 2016, Koen Bok
a3d0603, Tue Feb 16 11:35:45 2016, Koen Bok
c6b4f3f, Tue Feb 16 11:31:26 2016, Koen Bok
df4f12a, Tue Feb 9 22:40:51 2016, Koen Bok
4792322, Tue Feb 9 15:16:31 2016, Koen Bok
0563b21, Tue Feb 9 12:20:22 2016, Koen Bok
9453b24, Tue Feb 9 12:12:44 2016, Koen Bok
40a0c99, Tue Feb 9 12:12:03 2016, Koen Bok
780e9b3, Mon Feb 8 22:11:46 2016, Koen Bok
3648250, Mon Feb 8 16:31:51 2016, Koen Bok
0564c0e, Mon Feb 8 16:15:06 2016, Koen Bok
094286c, Mon Feb 8 15:52:13 2016, Koen Bok
8688f84, Mon Feb 8 15:39:22 2016, Koen Bok
0af5d00, Mon Feb 8 14:21:55 2016, Koen Bok
54f231d, Mon Feb 8 14:14:12 2016, Koen Bok
4cae87f, Mon Feb 8 13:42:49 2016, Koen Bok
c32e406, Mon Feb 8 13:09:42 2016, Koen Bok
8435391, Sun Feb 7 21:17:53 2016, J.P.P Treu
71d886e, Fri Feb 5 10:54:13 2016, Koen Bok
1bc5caa, Thu Feb 4 17:55:59 2016, J.P.P Treu
e57ec36, Thu Feb 4 13:18:59 2016, Koen Bok
9876ddd, Thu Feb 4 00:01:35 2016, Koen Bok
a23f2cd, Thu Feb 4 00:00:44 2016, Koen Bok
74b8b3b, Wed Feb 3 23:04:11 2016, Koen Bok
dbec9ae, Wed Feb 3 22:26:49 2016, Koen Bok
63e19c9, Wed Feb 3 17:13:58 2016, Koen Bok
7f04ad8, Wed Feb 3 16:21:24 2016, Koen Bok
4795a1b, Wed Feb 3 16:13:19 2016, Koen Bok
267cd7e, Wed Feb 3 16:11:34 2016, J.P.P Treu
68b52f4, Wed Feb 3 13:56:16 2016, Jonas Treu
c182568, Wed Feb 3 13:55:11 2016, J.P.P Treu
b1ec9bc, Tue Feb 2 12:13:24 2016, Koen Bok
941bbdc, Mon Feb 1 16:54:19 2016, Koen Bok
50f0eed, Mon Feb 1 16:51:17 2016, Koen Bok
026e006, Mon Feb 1 16:44:29 2016, Koen Bok
89aad75, Mon Feb 1 16:33:08 2016, Koen Bok
11abb58, Mon Feb 1 14:29:12 2016, Koen Bok
08fd95c, Mon Feb 1 14:25:09 2016, Koen Bok
9d7c8ee, Fri Jan 29 00:29:35 2016, Koen Bok
b2b197d, Fri Jan 29 00:12:21 2016, Koen Bok
6c1eee0, Fri Jan 29 00:05:22 2016, Koen Bok
17eeb59, Fri Jan 29 00:03:03 2016, Koen Bok
3315377, Thu Jan 28 23:47:10 2016, Koen Bok
4581bf2, Thu Jan 28 23:09:14 2016, Koen Bok
719b8d5, Thu Jan 28 23:09:00 2016, Koen Bok
f201e2f, Thu Jan 28 18:08:14 2016, Koen Bok
c82d1b2, Thu Jan 28 10:52:31 2016, Benjamin den Boe
f06b12d, Wed Jan 27 23:13:06 2016, Koen Bok
0660faa, Wed Jan 27 23:06:22 2016, Koen Bok
eb1315d, Wed Jan 27 23:05:55 2016, Koen Bok
dd9c30e, Wed Jan 27 22:41:29 2016, Koen Bok
c420611, Wed Jan 27 18:45:42 2016, Koen Bok
75a62be, Wed Jan 27 17:52:20 2016, Koen Bok
575fadc, Wed Jan 27 17:02:31 2016, Koen Bok
111572b, Wed Jan 27 17:02:03 2016, Koen Bok
ba0f3ad, Wed Jan 27 14:22:51 2016, Koen Bok
1650f6b, Wed Jan 27 14:20:48 2016, Koen Bok
475604f, Wed Jan 27 11:36:24 2016, Koen Bok
15cffc4, Wed Jan 27 11:35:10 2016, Koen Bok
3d977bc, Tue Jan 26 18:11:45 2016, Koen Bok
5c031e0, Tue Jan 26 17:11:51 2016, Koen Bok
790d6ce, Sat Jan 23 16:48:48 2016, Koen Bok
ac27782, Thu Jan 21 18:37:49 2016, Koen Bok
f985fbb, Thu Jan 21 18:35:43 2016, J.P.P Treu
56b653a, Thu Jan 21 18:35:21 2016, J.P.P Treu
92d6d90, Thu Jan 21 17:37:03 2016, Benjamin den Boe
21f6504, Thu Jan 21 15:41:21 2016, Benjamin den Boe
6be8955, Thu Jan 21 15:23:48 2016, Benjamin den Boe
2dd0385, Thu Jan 21 14:11:22 2016, Benjamin den Boe
c7c99d1, Thu Jan 21 13:48:27 2016, Benjamin den Boe
fde7c54, Wed Jan 20 23:44:16 2016, Koen Bok
b5a7beb, Tue Jan 19 22:34:54 2016, Koen Bok
82ccc3e, Tue Jan 19 22:33:57 2016, Koen Bok
ba7cf3c, Mon Jan 18 17:23:20 2016, Koen Bok
4d0ce3e, Mon Jan 18 15:28:42 2016, Koen Bok
0fb0831, Mon Jan 18 13:56:41 2016, Koen Bok
325775b, Mon Jan 18 13:08:17 2016, Koen Bok
8e8fda5, Mon Jan 18 12:24:18 2016, J.P.P Treu
45633ea, Mon Jan 18 11:46:29 2016, Koen Bok
78724ef, Mon Jan 18 11:35:45 2016, Koen Bok
fb78409, Mon Jan 18 11:20:43 2016, J.P.P Treu
757977c, Sun Jan 17 14:17:55 2016, Koen Bok
6020e74, Sun Jan 17 14:11:12 2016, Koen Bok
42de49f, Sun Jan 17 12:40:36 2016, Koen Bok
27b7647, Sat Jan 16 11:21:00 2016, Koen Bok
5e126c4, Fri Jan 15 16:38:29 2016, Koen Bok
7aca265, Thu Jan 14 13:16:49 2016, J.P.P Treu
c65dff5, Tue Jan 12 18:02:51 2016, Koen Bok
d4c15a4, Tue Jan 12 17:00:35 2016, Koen Bok
631b47b, Tue Jan 12 14:24:49 2016, Koen Bok
dea63db, Tue Jan 12 14:12:40 2016, Koen Bok
7399c60, Tue Jan 12 14:10:52 2016, Koen Bok
1ab06fa, Tue Jan 12 14:10:27 2016, Koen Bok
7296de7, Mon Jan 11 23:59:05 2016, Koen Bok
83b7c3d, Sun Jan 10 21:37:53 2016, Koen Bok
d7571f8, Fri Jan 8 16:20:26 2016, Koen Bok
36193ac, Thu Jan 7 17:10:37 2016, Koen Bok
3ee6d07, Thu Jan 7 14:08:59 2016, Koen Bok
f797a36, Mon Jan 4 14:39:21 2016, J.P.P Treu
209a50d, Tue Dec 29 23:44:13 2015, Koen Bok
d8ac785, Tue Dec 29 14:01:18 2015, Koen Bok
06b2cbb, Mon Dec 28 21:57:32 2015, Koen Bok
643b636, Mon Dec 28 21:35:07 2015, Koen Bok
59923c4, Mon Dec 28 18:19:29 2015, Koen Bok
b71627c, Mon Dec 28 17:48:43 2015, Koen Bok
57a342d, Sun Dec 27 15:21:12 2015, Koen Bok
6a39d85, Sun Dec 27 15:09:02 2015, Koen Bok
1f0def7, Sun Dec 27 14:54:36 2015, Koen Bok
31baf97, Sun Dec 27 14:46:26 2015, Koen Bok
91e8b76, Sun Dec 27 14:46:06 2015, Koen Bok
cc17f24, Sun Dec 27 12:36:03 2015, Koen Bok
aa5f73b, Tue Dec 22 21:41:00 2015, J.P.P Treu
44ccc0b, Tue Dec 22 21:25:34 2015, J.P.P Treu
7ed24b6, Tue Dec 22 16:22:35 2015, J.P.P Treu
9d5a69c, Mon Dec 21 14:53:24 2015, Koen Bok
10f79a7, Sat Dec 19 14:05:47 2015, Koen Bok
6b2f999, Fri Dec 18 17:08:39 2015, Koen Bok
d8cabe8, Fri Dec 18 15:52:46 2015, Koen Bok
3f2c0e2, Fri Dec 18 15:09:57 2015, Koen Bok
58ad551, Thu Dec 17 22:25:31 2015, Koen Bok
aa6f4fb, Thu Dec 17 14:24:14 2015, Koen Bok
a7df8f4, Thu Dec 17 14:03:24 2015, Koen Bok
aefa54a, Thu Dec 17 12:30:12 2015, Koen Bok
920106e, Thu Dec 17 10:44:06 2015, Koen Bok
b4583d4, Wed Dec 16 17:17:44 2015, Koen Bok
864d7d5, Wed Dec 16 17:05:37 2015, Koen Bok
893cb5d, Wed Dec 16 15:58:21 2015, Koen Bok
80a0cba, Wed Dec 16 15:44:29 2015, Koen Bok
4e8be92, Wed Dec 16 15:40:16 2015, Koen Bok
0ac463d, Wed Dec 16 13:57:18 2015, Koen Bok
9bfae6d, Wed Dec 16 13:33:37 2015, Koen Bok
f434b99, Tue Dec 15 23:24:03 2015, Koen Bok
7089129, Tue Dec 15 23:14:41 2015, Koen Bok
81cf4a1, Tue Dec 15 23:04:11 2015, Koen Bok
0f9bd46, Tue Dec 15 22:52:34 2015, Koen Bok
abcfbcf, Tue Dec 15 22:44:47 2015, Koen Bok
aeb2d6c, Tue Dec 15 22:40:34 2015, Koen Bok
025ea9b, Tue Dec 15 15:01:43 2015, Koen Bok
32cc787, Tue Dec 15 14:57:23 2015, Koen Bok
2ce0737, Tue Dec 15 14:53:58 2015, Koen Bok
9cca44c, Tue Dec 15 14:46:24 2015, Koen Bok
601e1e5, Tue Dec 15 14:43:15 2015, Koen Bok
ca8aa71, Tue Dec 15 14:34:44 2015, Koen Bok
2c078d2, Tue Dec 15 14:13:03 2015, Koen Bok
00df8b6, Tue Dec 15 13:54:03 2015, Koen Bok
8ad78d8, Tue Dec 15 13:44:29 2015, Koen Bok
89bfd2e, Tue Dec 15 13:38:09 2015, Koen Bok
4cb63a5, Tue Dec 15 13:25:26 2015, Koen Bok
fb55e60, Tue Dec 15 13:24:54 2015, Koen Bok
0f3b196, Tue Dec 15 11:47:08 2015, Koen Bok
5a95739, Tue Dec 15 11:40:52 2015, Koen Bok
674c81c, Tue Dec 15 11:25:33 2015, Koen Bok
d38fcf7, Tue Dec 15 11:25:18 2015, Koen Bok
6cf8a83, Tue Dec 15 10:37:01 2015, Koen Bok
672b250, Mon Dec 14 17:10:57 2015, Koen Bok
982a065, Mon Dec 14 14:50:23 2015, Koen Bok
84dc662, Mon Dec 14 14:49:42 2015, Koen Bok
304f85a, Mon Dec 14 14:46:26 2015, Koen Bok
605eb08, Mon Dec 14 14:03:25 2015, Koen Bok
4a3b67f, Mon Dec 14 13:54:58 2015, Koen Bok
cfb7d76, Thu Dec 10 16:18:04 2015, Koen Bok
d443397, Tue Dec 8 18:42:55 2015, Koen Bok
ff8ab5f, Tue Dec 8 15:32:47 2015, J.P.P Treu
f947fee, Fri Dec 4 16:49:34 2015, Koen Bok
c5e779e, Mon Nov 30 12:00:03 2015, Koen Bok
f3c4b01, Fri Nov 27 13:52:22 2015, Benjamin den Boe
0b7d7ef, Tue Nov 17 14:06:27 2015, Koen Bok
9ca69d1, Tue Nov 17 13:48:38 2015, Koen Bok
0d84b03, Mon Nov 16 14:36:35 2015, Benjamin den Boe
a22ecf0, Fri Nov 6 14:30:25 2015, Benjamin den Boe
858494c, Fri Nov 6 14:24:17 2015, Benjamin den Boe
0e4d9bb, Mon Nov 2 13:41:00 2015, J.P.P Treu
3b32854, Mon Nov 2 12:02:59 2015, J.P.P Treu
b1b3b23, Tue Oct 27 14:51:07 2015, J.P.P Treu
f749b23, Tue Oct 27 14:47:01 2015, J.P.P Treu
8c8bac4, Mon Oct 26 16:26:15 2015, Koen Bok
42b7a4b, Mon Oct 26 16:25:42 2015, Koen Bok
6c1c974, Wed Oct 7 08:34:50 2015, Edwin van Rijkom
b22d277, Sun Sep 13 12:52:34 2015, Benjamin den Boe
ef74161, Tue Sep 8 17:16:56 2015, Koen Bok
a6eb697, Mon Sep 7 16:11:58 2015, Koen Bok
d017d6e, Fri Sep 4 12:02:32 2015, Edwin van Rijkom
0db522a, Fri Sep 4 11:30:03 2015, Koen Bok
e45456b, Fri Sep 4 11:26:52 2015, Koen Bok
ecf3c54, Wed Aug 19 16:21:22 2015, Edwin van Rijkom
c966d49, Fri Aug 14 14:34:58 2015, Koen Bok
6360b78, Wed Aug 12 19:40:51 2015, Koen Bok
daa25a5, Wed Aug 12 19:40:06 2015, Koen Bok
d129b20, Thu Aug 6 12:11:29 2015, J.P.P Treu
62ac19e, Wed Jul 22 11:44:04 2015, J.P.P Treu
effb399, Tue Jul 21 16:23:39 2015, J.P.P Treu
c181296, Tue Jul 21 15:17:23 2015, J.P.P Treu
a80a61c, Tue Jul 21 14:02:31 2015, J.P.P Treu
f69ced3, Tue Jul 21 13:46:40 2015, J.P.P Treu
8972740, Tue Jul 21 13:31:56 2015, J.P.P Treu
9e98ef0, Tue Jul 21 10:56:56 2015, Koen Bok
b34eca1, Fri Jul 17 23:41:32 2015, Koen Bok
5c47bd5, Fri Jul 17 23:40:25 2015, Koen Bok
db96a5e, Wed Jul 15 17:04:42 2015, Koen Bok
c2f0066, Wed Jul 15 16:03:24 2015, Koen Bok
6438f75, Wed Jul 15 16:02:40 2015, Koen Bok
8097266, Thu Jul 9 13:38:00 2015, Koen Bok
1c5bb79, Thu Jul 9 13:37:48 2015, Koen Bok
7c13491, Tue Jun 30 16:16:53 2015, Koen Bok
194c6c1, Sun Jun 28 00:05:21 2015, Koen Bok
d2152f3, Sun Jun 28 00:03:46 2015, Koen Bok
c4371ee, Wed Jun 24 16:58:38 2015, Koen Bok
2c7d9b6, Wed Jun 24 16:58:28 2015, Koen Bok
7cb7f1f, Tue Jun 23 16:07:56 2015, Koen Bok
11139a7, Wed Jun 10 14:47:44 2015, Benjamin den Boe
21b9efa, Mon Jun 8 16:16:45 2015, Koen Bok
f0e040f, Mon Jun 8 16:07:54 2015, Koen Bok
067cc97, Mon Jun 8 15:56:42 2015, Koen Bok
f08d7f6, Mon Jun 8 15:49:33 2015, Koen Bok
6bb2038, Thu May 21 12:13:40 2015, Koen Bok
9f69cd4, Thu May 21 12:12:53 2015, Koen Bok
9ee696d, Tue May 12 17:04:55 2015, Koen Bok
6707a25, Tue May 12 17:04:51 2015, Koen Bok
53b28cf, Tue May 12 17:02:48 2015, Koen Bok
3fc11e7, Thu May 7 15:34:24 2015, Koen Bok
27c6950, Thu May 7 14:38:33 2015, Koen Bok
997378f, Tue May 5 16:13:05 2015, Koen Bok
5797cc7, Fri May 1 20:35:00 2015, Benjamin den Boe
d85846c, Fri May 1 12:16:52 2015, Benjamin den Boe
ab89ee4, Fri May 1 12:13:51 2015, Benjamin den Boe
0e755dc, Fri May 1 12:12:54 2015, Benjamin den Boe
7504bd8, Fri May 1 11:55:55 2015, Benjamin den Boe
81a3f2f, Fri May 1 10:28:54 2015, Benjamin den Boe
238f18e, Thu Apr 30 14:17:19 2015, Koen Bok
f755586, Thu Apr 30 12:41:32 2015, Koen Bok
ce79b87, Thu Apr 30 12:41:20 2015, Koen Bok
7f8a9de, Thu Apr 23 12:02:27 2015, Benjamin den Boe
a063536, Thu Apr 23 11:37:49 2015, Benjamin den Boe
ced648f, Wed Apr 22 17:12:01 2015, Benjamin den Boe
66eea95, Wed Apr 22 17:00:46 2015, Benjamin den Boe
4e182d7, Mon Apr 20 16:21:58 2015, Koen Bok
e65ea33, Mon Apr 20 16:21:39 2015, Koen Bok
6e913b4, Tue Apr 14 17:33:29 2015, Edwin van Rijkom
9c12003, Thu Apr 9 11:02:27 2015, Koen Bok
7ff0515, Thu Apr 9 11:01:30 2015, Koen Bok
bf78d4f, Tue Apr 7 22:43:26 2015, Koen Bok
16520a3, Tue Apr 7 21:58:55 2015, Koen Bok
2dd9a9c, Tue Apr 7 21:37:03 2015, Koen Bok
e6d5cda, Tue Apr 7 21:12:34 2015, Koen Bok
64896a8, Tue Apr 7 20:55:25 2015, Koen Bok
0e65db3, Tue Apr 7 20:55:09 2015, Koen Bok
1b293bf, Tue Apr 7 17:44:36 2015, J.P.P Treu
bab3232, Fri Apr 3 15:02:35 2015, Edwin van Rijkom
58ff015, Fri Apr 3 13:23:20 2015, Edwin van Rijkom
c9b3cb0, Fri Apr 3 11:13:18 2015, Koen Bok
1e8c7c1, Fri Apr 3 10:28:21 2015, Koen Bok
c518763, Fri Apr 3 10:19:14 2015, Koen Bok
2b7855d, Fri Apr 3 10:10:56 2015, Koen Bok
6dda6c6, Fri Apr 3 10:04:46 2015, Koen Bok
a5e1a1a, Thu Apr 2 17:41:25 2015, Koen Bok
3098d23, Thu Apr 2 17:35:41 2015, Koen Bok
42b6bf1, Thu Apr 2 17:24:28 2015, Koen Bok
658933b, Thu Apr 2 16:02:18 2015, Koen Bok
29a8452, Thu Apr 2 15:12:12 2015, Koen Bok
705a6d1, Thu Apr 2 14:10:59 2015, Koen Bok
9da6ec3, Thu Apr 2 13:52:13 2015, Koen Bok
7e4f83b, Thu Apr 2 12:58:55 2015, Koen Bok
1febf8d, Thu Apr 2 12:25:41 2015, Koen Bok
e4c08c6, Thu Apr 2 12:22:38 2015, Koen Bok
654779d, Thu Apr 2 12:15:36 2015, Koen Bok
4cb562b, Thu Apr 2 12:02:34 2015, Koen Bok
86b7691, Fri Mar 27 11:00:36 2015, Benjamin den Boe
e798718, Thu Mar 26 11:34:38 2015, Koen Bok
e6cd862, Tue Mar 10 12:32:34 2015, Koen Bok
3b25bba, Tue Mar 10 11:22:23 2015, Koen Bok
d6a3894, Tue Mar 10 11:05:11 2015, Koen Bok
bd14b72, Tue Mar 10 11:03:59 2015, Koen Bok
5caa36d, Mon Mar 9 12:27:38 2015, Koen Bok
42dfba9, Mon Mar 9 12:27:26 2015, Koen Bok
7356bf5, Fri Feb 27 16:28:48 2015, Koen Bok
22c2e4e, Tue Feb 24 17:26:11 2015, Koen Bok
efc5aa4, Sun Feb 15 23:18:42 2015, Koen Bok
d69bbfe, Sun Feb 15 23:11:07 2015, Koen Bok
ffcdbec, Tue Feb 10 16:36:34 2015, Koen Bok
adcca17, Tue Feb 10 16:16:47 2015, Koen Bok
c659f32, Tue Feb 10 14:36:06 2015, Koen Bok
5f36189, Mon Feb 2 11:29:38 2015, Koen Bok
f6abac2, Fri Jan 30 17:28:40 2015, Koen Bok
2aafdc0, Fri Jan 30 16:46:50 2015, Koen Bok
2224d2c, Fri Jan 30 16:37:12 2015, Koen Bok
3edbb0f, Mon Jan 26 23:04:47 2015, Koen Bok
3d49915, Sun Jan 18 23:04:40 2015, Koen Bok
7f60bc9, Sun Jan 18 23:02:16 2015, Koen Bok
52df7dc, Sun Jan 18 23:01:46 2015, Koen Bok
45d792d, Wed Jan 14 11:41:50 2015, Koen Bok
f932e94, Mon Jan 5 18:07:01 2015, Koen Bok
75e5990, Mon Jan 5 18:06:48 2015, Koen Bok
0d76609, Sat Dec 13 21:14:41 2014, Koen Bok
8e59102, Fri Dec 12 14:52:38 2014, Koen Bok
d400c9c, Fri Dec 12 14:48:17 2014, Koen Bok
47f8be6, Fri Dec 12 12:54:11 2014, Koen Bok
3f9411e, Fri Dec 12 11:49:49 2014, Koen Bok
6cc6def, Fri Dec 12 11:48:00 2014, Koen Bok
0d59690, Sat Dec 6 11:21:49 2014, Koen Bok
135a729, Sat Dec 6 11:19:23 2014, Koen Bok
24de214, Wed Nov 26 19:15:48 2014, Koen Bok
e33a47b, Wed Nov 26 19:02:02 2014, Koen Bok
4b1f2d2, Wed Nov 26 14:50:35 2014, Koen Bok
92b4ee1, Tue Nov 11 12:14:06 2014, Koen Bok
af57e3d, Sun Nov 2 11:11:58 2014, Koen Bok
d147a23, Mon Oct 27 22:25:03 2014, Koen Bok
62e18b8, Mon Oct 27 22:14:38 2014, Koen Bok
0f8c3bb, Mon Oct 27 22:01:12 2014, Koen Bok
ef112cd, Mon Oct 27 21:36:35 2014, Koen Bok
6c287fe, Mon Oct 27 21:18:39 2014, Koen Bok
ecfa572, Mon Oct 27 20:59:38 2014, Koen Bok
8d4b1bd, Mon Oct 27 20:48:41 2014, Koen Bok
a82c4fb, Mon Oct 27 19:18:18 2014, Koen Bok
2e07617, Mon Oct 27 17:08:19 2014, Koen Bok
f7271db, Mon Oct 27 17:06:39 2014, Koen Bok
f86b69a, Mon Oct 27 17:06:23 2014, Koen Bok
f6816e1, Fri Oct 24 12:09:44 2014, Benjamin den Boe
093bdb7, Fri Oct 24 12:03:30 2014, Benjamin den Boe
5121cf5, Fri Oct 24 11:57:45 2014, Benjamin den Boe
1b13e7f, Mon Oct 20 23:06:22 2014, Koen Bok
5b6aed1, Sat Oct 18 14:40:46 2014, Koen Bok
db9ffd1, Sat Oct 18 12:08:21 2014, Koen Bok
d89500c, Sat Oct 11 16:15:04 2014, Koen Bok
ef2f738, Fri Oct 10 14:26:21 2014, Koen Bok
9b7b806, Fri Oct 10 11:14:05 2014, Koen Bok
0f0a7fe, Wed Oct 8 22:59:05 2014, Koen Bok
5afa23f, Mon Oct 6 14:23:09 2014, Koen Bok
00ab257, Mon Oct 6 11:50:28 2014, Koen Bok
2db13aa, Mon Oct 6 10:49:23 2014, Koen Bok
0a61fc4, Sun Oct 5 16:35:21 2014, Koen Bok
fbde7a8, Sun Oct 5 16:24:15 2014, Koen Bok
2a0439a, Sun Oct 5 16:23:05 2014, Koen Bok
4eb86e9, Sun Oct 5 16:22:47 2014, Koen Bok
63841e7, Sun Oct 5 16:22:41 2014, Koen Bok
a04b76d, Tue Sep 30 16:21:33 2014, Koen Bok
c548c39, Tue Sep 30 16:17:00 2014, Koen Bok
e9c3c4a, Tue Sep 30 16:13:51 2014, Koen Bok
de60b1b, Tue Sep 30 14:34:39 2014, Koen Bok
e81fc33, Tue Sep 30 14:25:45 2014, Koen Bok
ae4fc9b, Tue Sep 30 14:03:35 2014, Koen Bok
1d521bd, Tue Sep 30 12:49:24 2014, Koen Bok
a2613e7, Tue Sep 30 12:38:32 2014, Koen Bok
ebcb76b, Tue Sep 30 12:38:18 2014, Koen Bok
410b06f, Tue Sep 30 11:36:05 2014, Koen Bok
dc36471, Fri Sep 26 14:55:30 2014, Koen Bok
bd01fd8, Fri Sep 26 14:44:28 2014, Koen Bok
9a04efe, Fri Sep 26 14:11:58 2014, Koen Bok
e13feb4, Fri Sep 26 14:11:36 2014, Koen Bok
570630a, Fri Sep 26 14:11:21 2014, Koen Bok
82d933f, Fri Sep 26 13:59:26 2014, Koen Bok
1e64425, Thu Sep 25 19:01:01 2014, Koen Bok
bf0e721, Thu Sep 25 18:34:14 2014, Koen Bok
d8c6123, Thu Sep 25 18:16:04 2014, Koen Bok
9e116b5, Thu Sep 25 16:59:41 2014, Koen Bok
c1ad81e, Thu Sep 25 16:48:56 2014, Koen Bok
ffd106e, Thu Sep 25 15:56:49 2014, Koen Bok
fe9fa63, Thu Sep 25 15:39:48 2014, Koen Bok
48028d3, Thu Sep 25 15:38:25 2014, Koen Bok
4686f4f, Thu Sep 25 15:31:20 2014, Koen Bok
9552f44, Thu Sep 25 15:31:06 2014, Koen Bok
962f45d, Thu Sep 25 15:30:51 2014, Koen Bok
2f8594f, Thu Sep 25 15:30:33 2014, Koen Bok
40f024f, Thu Sep 25 15:04:35 2014, Koen Bok
e5ce332, Thu Sep 25 11:14:52 2014, Koen Bok
fce1baa, Wed Sep 24 22:34:07 2014, Koen Bok
b9ae0ad, Tue Sep 23 14:55:19 2014, Koen Bok
814d193, Mon Sep 22 21:23:04 2014, Koen Bok
065fa18, Mon Sep 22 21:14:32 2014, Koen Bok
4a29f4e, Thu Sep 18 15:02:01 2014, Benjamin den Boe
1deb452, Thu Sep 18 14:58:35 2014, Benjamin den Boe
b8abf40, Thu Sep 18 14:58:02 2014, Benjamin den Boe
66e8ba2, Thu Sep 18 14:56:21 2014, Benjamin den Boe
d7c40ce, Thu Sep 18 14:55:36 2014, Benjamin den Boe
bf11c56, Thu Sep 18 14:49:14 2014, Benjamin den Boe
5b9777d, Thu Sep 18 14:47:43 2014, Benjamin den Boe
cc66c7b, Thu Sep 18 14:43:08 2014, Benjamin den Boe
06a4df9, Sun Aug 24 14:54:37 2014, Koen Bok
e61b373, Wed Aug 20 15:35:10 2014, Koen Bok
6059202, Tue Aug 19 14:14:45 2014, Koen Bok
bccd4e3, Tue Aug 19 14:05:24 2014, Koen Bok
f13bd7f, Tue Aug 19 14:04:45 2014, Koen Bok
689cbb4, Sun Aug 17 14:39:32 2014, Koen Bok
daa11db, Sun Aug 17 11:54:23 2014, Koen Bok
c73c31f, Thu Aug 14 06:44:14 2014, Koen Bok
51041c6, Tue Jul 22 14:17:04 2014, Koen Bok
20a26c1, Tue Jul 22 14:08:44 2014, Koen Bok
f65e89d, Tue Jul 22 14:05:47 2014, Koen Bok
d14e883, Thu Jul 10 12:38:40 2014, Koen Bok
d907147, Tue Jul 1 15:06:41 2014, Koen Bok
6ae8769, Tue Jul 1 14:36:00 2014, Koen Bok
e3be363, Fri Jun 27 11:23:23 2014, Koen Bok
0839b4b, Fri Jun 27 10:42:30 2014, Koen Bok
f1ab831, Wed Jun 25 00:21:40 2014, Koen Bok
cef8706, Thu Jun 19 16:21:10 2014, Koen Bok
4235f0c, Thu Jun 19 16:20:55 2014, Koen Bok
e3e38a1, Thu Jun 19 15:49:02 2014, Koen Bok
9a0f05e, Tue Jun 17 11:15:25 2014, Koen Bok
536cf90, Tue Jun 17 11:13:49 2014, Koen Bok
1fb5c9e, Tue Jun 17 01:02:39 2014, Koen Bok
fafb016, Tue Jun 17 01:02:22 2014, Koen Bok
f34db1c, Tue Jun 17 01:01:51 2014, Koen Bok
2ed6bab, Wed Jun 4 12:40:06 2014, Koen Bok
5476611, Fri May 30 14:03:40 2014, Koen Bok
53391c3, Fri May 30 14:02:27 2014, Koen Bok
ccc99d4, Fri May 30 12:18:04 2014, Koen Bok
d16326a, Fri May 30 12:14:21 2014, Koen Bok
bb58df1, Mon May 26 16:09:09 2014, Koen Bok
975b2b1, Wed May 21 16:54:11 2014, Koen Bok
21a49cc, Wed May 21 16:52:35 2014, Koen Bok
fe67bbc, Wed May 21 16:39:48 2014, Koen Bok
0a8a768, Wed May 21 16:20:50 2014, Koen Bok
20decd2, Sun May 18 16:18:30 2014, Koen Bok
d7c2135, Sun May 18 16:18:12 2014, Koen Bok
69c4d63, Sat May 17 21:26:31 2014, Koen Bok
e86abfa, Thu May 15 23:57:06 2014, Koen Bok
216a271, Thu May 15 23:33:22 2014, Koen Bok
a05732a, Thu May 15 23:20:17 2014, Koen Bok
7f31ec8, Thu May 15 23:03:48 2014, Koen Bok
3d42703, Thu May 15 16:16:05 2014, Koen Bok
c46ce9e, Thu May 15 15:33:04 2014, Koen Bok
80ea2f8, Thu May 15 15:32:43 2014, Koen Bok
943df9a, Thu May 15 13:39:22 2014, Koen Bok
a9fd591, Thu May 15 11:31:36 2014, Koen Bok
b31938a, Thu May 15 10:32:30 2014, Koen Bok
4630242, Thu May 15 10:24:30 2014, Koen Bok
30e688e, Thu May 15 10:22:15 2014, Koen Bok
bb15649, Thu May 15 10:03:24 2014, Koen Bok
293c7a7, Tue May 13 19:16:59 2014, Koen Bok
2bbd10a, Tue May 13 19:15:51 2014, Koen Bok
c16f69f, Tue May 13 19:13:41 2014, Koen Bok
2205ba0, Sun Apr 27 00:10:24 2014, Koen Bok
e175596, Sun Apr 27 00:10:15 2014, Koen Bok
68e7cd4, Sun Apr 20 11:19:07 2014, Koen Bok
e95bf6b, Sun Apr 20 11:18:52 2014, Koen Bok
fad01d1, Sat Apr 19 13:20:25 2014, Koen Bok
0999d52, Sat Apr 19 13:14:47 2014, Koen Bok
449b155, Sat Apr 19 12:46:04 2014, Koen Bok
958bf94, Sat Apr 19 12:21:20 2014, Koen Bok
2c1fd6d, Sat Apr 19 12:16:49 2014, Koen Bok
b78ddb1, Sat Apr 19 12:11:55 2014, Koen Bok
4b76906, Sat Apr 19 11:45:36 2014, Koen Bok
19d4ede, Sat Apr 19 11:45:12 2014, Koen Bok
1f3e010, Fri Nov 22 13:52:01 2013, Koen Bok
ae7c991, Thu Nov 14 11:38:59 2013, Koen Bok
5fce264, Thu Nov 14 11:38:48 2013, Koen Bok
e4c5467, Tue Nov 5 18:41:28 2013, Koen Bok
01172c3, Tue Nov 5 18:38:20 2013, Koen Bok
7942d46, Tue Oct 29 01:06:30 2013, Koen Bok
352e090, Tue Oct 29 01:04:13 2013, Koen Bok
5d463ce, Thu Oct 17 14:04:55 2013, Koen Bok
25a47eb, Wed Oct 16 20:47:21 2013, Koen Bok
1d8cf24, Tue Oct 15 15:07:33 2013, Koen Bok
71678bf, Tue Oct 15 14:57:11 2013, Koen Bok
4a289c5, Tue Oct 15 12:54:50 2013, Koen Bok
6c102c2, Tue Oct 15 12:42:45 2013, Koen Bok
b629549, Tue Oct 15 12:05:06 2013, Koen Bok
78f3d91, Tue Oct 15 03:02:06 2013, Koen Bok
bad5a94, Sun Oct 13 20:49:24 2013, Koen Bok
3e4051b, Sun Oct 13 14:53:43 2013, Koen Bok
6eefeb0, Sun Oct 13 14:38:53 2013, Koen Bok
f367c76, Sat Oct 12 17:53:50 2013, Koen Bok
aa847ac, Fri Oct 11 10:21:30 2013, Koen Bok
d21e7d0, Tue Oct 1 07:42:38 2013, Koen Bok
0cbe0a6, Fri Sep 13 17:15:00 2013, Koen Bok
e4ed1d8, Fri Sep 13 08:03:53 2013, Koen Bok
3f01dfe, Sun Sep 8 02:54:43 2013, Koen Bok
9bd31bf, Sat Jul 13 11:37:26 2013, Koen Bok
ae64324, Thu May 30 16:16:25 2013, Koen Bok
4b8be87, Thu May 30 16:06:44 2013, Koen Bok
538806f, Wed May 29 15:58:48 2013, Koen Bok
2d59000, Wed May 29 15:45:28 2013, Koen Bok
dcd4faa, Fri May 24 14:41:27 2013, Koen Bok
150f969, Fri May 24 14:09:31 2013, Koen Bok
2322236, Fri May 24 13:00:41 2013, Koen Bok
3d6b2d5, Mon May 20 23:53:41 2013, Koen Bok
ee67a19, Mon May 20 23:53:35 2013, Koen Bok
0b97774, Thu May 16 13:24:58 2013, Koen Bok
6bfb912, Thu May 16 13:24:20 2013, Koen Bok
6fd264c, Wed May 15 16:22:27 2013, Koen Bok
c45dbb7, Mon May 13 20:55:56 2013, Koen Bok
a0fd659, Mon May 13 20:55:50 2013, Koen Bok
6ce75ff, Sun May 12 00:24:11 2013, Koen Bok
3e381c6, Sun May 12 00:23:55 2013, Koen Bok
8a8f4ae, Sun May 12 00:23:40 2013, Koen Bok
167722f, Sun May 12 00:23:13 2013, Koen Bok
ec11e8b, Sun May 12 00:23:06 2013, Koen Bok
5728949, Sun May 12 00:22:53 2013, Koen Bok
318b135, Wed May 8 20:13:38 2013, Koen Bok
1296d57, Tue May 7 22:45:07 2013, Koen Bok
56dc7c1, Tue May 7 22:44:42 2013, Koen Bok
8b12dcb, Sun May 5 11:45:10 2013, Koen Bok
ed0c03b, Fri May 3 00:07:53 2013, Koen Bok
2ebf5b3, Fri May 3 00:02:23 2013, Koen Bok
3ad0dc0, Thu May 2 22:53:36 2013, Koen Bok
5b23d4e, Thu May 2 22:50:16 2013, Koen Bok
8001e3a, Thu May 2 22:50:11 2013, Koen Bok
c02eef3, Thu May 2 22:48:52 2013, Koen Bok
acb0e29, Thu May 2 22:48:35 2013, Koen Bok
c3de315, Thu May 2 22:48:25 2013, Koen Bok
ff7e8c0, Thu May 2 22:48:15 2013, Koen Bok
4017411, Thu May 2 22:48:05 2013, Koen Bok
e494459, Thu May 2 22:44:56 2013, Koen Bok
2b3accc, Thu May 2 22:44:33 2013, Koen Bok
1ec6a88, Thu May 2 22:44:15 2013, Koen Bok
3e2c579, Thu May 2 22:44:01 2013, Koen Bok
9b9dadd, Thu May 2 22:43:41 2013, Koen Bok
5da20c9, Wed May 1 20:43:29 2013, Koen Bok
078e2d3, Tue Apr 30 11:29:15 2013, Koen Bok
578a6c5, Tue Apr 30 11:29:08 2013, Koen Bok
518df87, Tue Apr 30 11:28:28 2013, Koen Bok
62dfbf3, Tue Apr 30 11:28:13 2013, Koen Bok
5e5b065, Tue Apr 30 11:27:54 2013, Koen Bok
09f407a, Tue Apr 30 11:25:30 2013, Koen Bok
a85039b, Tue Apr 30 11:24:53 2013, Koen Bok
524606a, Tue Apr 30 11:23:59 2013, Koen Bok
2870f60, Sat Apr 27 12:51:52 2013, Koen Bok
a258ebf, Sat Apr 27 12:00:17 2013, Koen Bok
342a117, Sat Apr 27 11:59:44 2013, Koen Bok
66501bb, Sat Apr 27 11:04:06 2013, Koen Bok
23f141a, Sat Apr 27 10:46:39 2013, Koen Bok
b480b5f, Sat Apr 27 10:45:45 2013, Koen Bok
18773c5, Sat Apr 27 10:45:33 2013, Koen Bok
0acf5ea, Thu Apr 25 17:39:23 2013, Koen Bok
2bf250b, Thu Apr 25 17:27:34 2013, Koen Bok
949744f, Thu Apr 25 17:27:17 2013, Koen Bok
987d99d, Thu Apr 25 17:26:29 2013, Koen Bok
a9a6a92, Thu Apr 25 17:11:23 2013, Koen Bok
7469d1f, Thu Apr 25 15:02:35 2013, Koen Bok
872f5c2, Thu Apr 25 14:59:08 2013, Koen Bok
ab6a379, Thu Apr 25 14:57:13 2013, Koen Bok
482d86a, Thu Apr 25 14:38:41 2013, Koen Bok
a240ff4, Thu Apr 25 14:38:24 2013, Koen Bok
378e7ff, Thu Apr 25 14:37:55 2013, Koen Bok
8f4385d, Thu Apr 25 14:36:54 2013, Koen Bok
efaef61, Thu Apr 25 14:36:10 2013, Koen Bok
48beba7, Thu Apr 25 14:35:57 2013, Koen Bok
8f0ef3f, Thu Apr 25 14:35:42 2013, Koen Bok
5b1e121, Thu Apr 25 14:35:03 2013, Koen Bok
c05bdd1, Sun Apr 21 19:01:19 2013, Koen Bok
bb67d68, Sun Apr 21 19:01:03 2013, Koen Bok
b00dc5a, Sun Apr 21 18:53:03 2013, Koen Bok
80bd8e7, Sun Apr 21 18:52:42 2013, Koen Bok
d9fff17, Sun Apr 21 18:52:22 2013, Koen Bok
b22ccc9, Sun Apr 21 18:51:58 2013, Koen Bok
b1fbf81, Sun Apr 21 18:51:39 2013, Koen Bok
88c3ccb, Sun Apr 21 18:51:04 2013, Koen Bok
816cfa7, Sat Apr 20 11:28:37 2013, Koen Bok
33d86fb, Sat Apr 20 11:28:05 2013, Koen Bok
4e8f467, Sat Apr 20 11:26:26 2013, Koen Bok
c0207c0, Sat Apr 20 11:25:44 2013, Koen Bok
20c81a1, Fri Apr 12 23:02:20 2013, Koen Bok
6da090f, Fri Apr 12 23:02:07 2013, Koen Bok
d840b70, Wed Apr 10 00:48:14 2013, Koen Bok
2aaea25, Wed Apr 10 00:38:01 2013, Koen Bok
3fea5e0, Thu Apr 4 00:39:13 2013, Koen Bok
8fe4409, Thu Apr 4 00:39:06 2013, Koen Bok
f149a9a, Thu Apr 4 00:38:45 2013, Koen Bok
64dee09, Thu Apr 4 00:38:33 2013, Koen Bok
1c91f4a, Sat Mar 23 16:02:21 2013, Koen Bok
685804a, Sat Mar 23 15:59:21 2013, Koen Bok
cda5559, Fri Mar 22 13:50:20 2013, Koen Bok
1018b69, Fri Mar 22 13:50:04 2013, Koen Bok
37e04d5, Tue Mar 19 18:32:22 2013, Koen Bok
110b2b5, Tue Mar 19 18:31:24 2013, Koen Bok
78c16ef, Tue Mar 19 18:30:43 2013, Koen Bok
2f345ec, Mon Mar 18 21:35:08 2013, Koen Bok
cd3a9e5, Mon Mar 18 21:34:59 2013, Koen Bok
c099ddd, Mon Mar 18 21:34:29 2013, Koen Bok
5192cec, Mon Mar 18 16:23:45 2013, Koen Bok
d6348db, Sun Mar 17 19:28:41 2013, Koen Bok
e73e07a, Sun Mar 17 19:16:27 2013, Koen Bok
98ca654, Sun Mar 17 17:20:52 2013, Koen Bok
37cd9ec, Sun Mar 17 16:45:26 2013, Koen Bok
f74c9eb, Sun Mar 17 15:54:12 2013, Koen Bok
5f9b84f, Thu Mar 14 09:16:37 2013, Koen Bok
6e29b46, Wed Mar 13 17:05:41 2013, Koen Bok
0dc7c7f, Wed Mar 13 17:05:06 2013, Koen Bok
cf5d564, Wed Mar 13 16:53:07 2013, Koen Bok
bde291d, Wed Mar 13 12:13:38 2013, Koen Bok
e2e5546, Wed Mar 13 12:13:14 2013, Koen Bok
67f1220, Wed Mar 13 12:12:36 2013, Koen Bok
ec69c6d, Tue Mar 12 16:23:01 2013, Koen Bok
08504e6, Tue Mar 12 15:58:56 2013, Koen Bok
3a44655, Tue Mar 12 15:54:51 2013, Koen Bok
2556b6f, Tue Mar 12 15:02:47 2013, Koen Bok
250cb04, Tue Mar 12 15:02:01 2013, Koen Bok
a379acc, Mon Mar 11 15:13:03 2013, Koen Bok
b1d8b15, Mon Mar 11 00:41:22 2013, Koen Bok
589a47e, Sun Mar 10 23:39:28 2013, Koen Bok
7d65cab, Fri Mar 1 15:29:59 2013, Koen Bok
d0106fb, Fri Mar 1 15:27:37 2013, Koen Bok
6d0c7c9, Fri Mar 1 05:00:43 2013, Koen Bok
913c290, Tue Feb 26 14:30:41 2013, Koen Bok
27de5fe, Sun Feb 17 21:45:19 2013, Koen Bok
eaa81c4, Sat Feb 16 15:19:53 2013, Koen Bok
27f5914, Sat Feb 16 15:11:28 2013, Koen Bok
57f3631, Fri Jan 25 10:26:54 2013, Koen Bok
5a947f5, Mon Jan 14 18:51:10 2013, Koen Bok
b28681d, Mon Jan 14 14:20:33 2013, Koen Bok
c1ab12d, Mon Jan 14 14:20:26 2013, Koen Bok
53fd22e, Mon Jan 14 14:19:30 2013, Koen Bok
54e88cc, Mon Jan 14 14:18:50 2013, Koen Bok
f975305, Wed Jan 2 16:20:57 2013, Koen Bok
bb1d239, Mon Dec 31 11:54:33 2012, Koen Bok
1677a43, Wed Dec 26 02:15:58 2012, Koen Bok
818a4a2, Tue Dec 25 17:33:03 2012, Koen Bok
0c64794, Tue Dec 25 17:32:37 2012, Koen Bok
3c2d257, Tue Dec 25 17:32:01 2012, Koen Bok
075b827, Tue Dec 25 17:31:21 2012, Koen Bok
d82fc4e, Tue Dec 25 17:30:56 2012, Koen Bok
1358741, Tue Dec 25 17:30:37 2012, Koen Bok
bfdceaf, Fri Dec 21 14:05:21 2012, Koen Bok
5bdeb37, Thu Dec 20 16:08:05 2012, Koen Bok
35ad7df, Thu Dec 20 16:06:57 2012, Koen Bok
bcd1a1f, Thu Dec 20 15:59:48 2012, Koen Bok